source	default_branch	tree_status	file_count	tree_sha256
Picrew/awesome-agent-harness	main	ok	53	77cf773532a856578cf8c085747a24a055f7e601f08cee986693d4ffb2051754
ai-boost/awesome-harness-engineering	main	ok	12	4145f4478897379a005e100b73eea28a61289d230d757158d382b8e17a327c06
tmgthb/Autonomous-Agents	main	ok	15	52357f7e5d0ed8f40f8570db1ea2ca3584c8a1ee2cd66540db8ecd7c604e2ddc
thClaws/thClaws	main	ok	638	925c8e99f2020aea336e244fbff91791b47bdd166387546206fc54e9a93fb973
trustgraph-ai/trustgraph	master	ok	1849	ac7076944bd7e925306d71df7782128e724d77140a47567a4ac3ba5a978ba306
Team-Commonly/commonly	main	ok	1283	08fc5f3a0ceacf1fce28959ba8e1c777f454df38acd22feec356bf5bd11451ca
AI-Builder-Club/skills	main	ok	25	dfd167cbd10aa71957e8e6dbb400b177fc7776f3a5428c8bcc078b1b62cd20b7
first-fluke/oh-my-agent	main	ok	2530	e6b57c4430c89b4d8d74005592e1cbab01d7336d0b4def2e252ae90259502cba
mateaix/mateclaw	dev	ok	3169	9007e94ab3b0bc1949d277c9d20db63b076797252a3ef0461b913e99233c2a43
agentscope-ai/QwenPaw	main	ok	2608	9924f7b44feae7c0755fdbc9643f7dd42af7862847c6a7f894b901d8e9f34e9e
AutoJunjie/awesome-agent-harness	main	ok	22	b53ff6d4e5da2803303363a8d6f4d0601e8f2acb1864e6dce048f6ece7ee1803
holaboss-ai/holaOS	main	ok	1455	3764cf70cc670743b0c7189b5d234e44165522ce04663338e9305b201880166c
zhnt/loushang	main	ok	1364	d8571adf214bd66bf328c901a94c5f0f6d6b52fe97163ed8d3169de6dc80241e
Chorus-AIDLC/Chorus	main	ok	1559	ca71801580f9b674f08ae3bff87d9a9b1e9d764822196fafd51f1f7f0e6ba3ed
peteromallet/desloppify	main	ok	1691	79ce3aff100ea74d5b426ff7760ab11a770df2fd10bb2f3df168d1728deb2d0a
SponsioLabs/Sponsio	main	ok	567	77afcc6c687822bed1312aa1fc0f9f0d44ccdf9d9b91e8d84a843f95ca217fc1
exon-research/genomi	master	ok	459	4f87140d88bd93aefa5fedff6f606f4a3efa4cc980adac941270b50430f60ce3
agentic-in/inferoa	main	ok	295	8a0572dabbbda94ed09cb83672ffd22e8226bbf87a3ec9f9226c4ca0f14d3ce4
desplega-ai/agent-swarm	main	ok	2564	4ed09c951e9f26f3f213e498c19dea6bdd318947e02cf7f5566c3bf48497a9c9
deonmenezes/mantishack	main	ok	5393	0a611ad099c8b077d85002c51761588a16429f62dc7e57b4d657118654fa850c
Gloriaameng/Awesome-Agent-Harness	main	ok	11	d51123135e5d2865a8817d2e4c8f827057ec6f73409bef10705028472c8f7b5b
shamspias/customizable-gpt-chatbot	main	ok	138	4e7fc5b9bcb312217621fc2369e28dae9ec167ef2744987ce6683b6ba830e92b
manthanguptaa/water	main	ok	274	22c8b8103a4dfda32a610c2174b8a3d91685a90a47e6e4f89e31759d55b949ab
clawdotnet/openclaw.net	main	ok	1498	ad0361681febe013dce7906e1729d3bffccaa8898d2f62d6de0128d0122189f4
RyanAlberts/best-of-Agent-Harnesses	main	ok	70	3503375b8ee86e34e08c159eacd6ffbda33b909a17357e53c6e767768e509b44
limecloud/lime	main	ok	7686	15edc250807ef95f284378698f622d62b5bb59b22147cbd69f3cc157d632cc63
LearnPrompt/cc-harness-skills	main	ok	43	3f546b2e838dc8f54d07e76d45112dcddebaa16d888d76fb0ac477bfd1d85f1f
0xNyk/lacp	main	ok	462	3f6945caf1ee6999b23e10303367dc10f7065f1f5eb0c2145ab81670d09be222
omnirexflora-labs/omnicoreagent	main	ok	374	ddf580725cc62426b06f5a9ad61387f64bc1c1b8d79ac66d5b22a8108abddd6c
Intelligent-Internet/zenith	main	ok	84	2b3d53d81bc9d28a7185764f913ed70c12abd879fd23159945a956004aee3786
ReinaMacCredy/maestro	main	ok	626	b123e273d81d3ca1d43b3726554b0cb7505155e6b4c28ce13ff5bbd9333d3834
enmanuelmag/agent-harness-kit	main	ok	135	77db84cf934d424ece3d89d979f72484d91b3c5e0299d65484163de2916cfbde
sd0xdev/sd0x-dev-flow	main	ok	689	d6738f3569895606d9e4a288ccde9e29546bc33f8c2108a641517ebf92ee0420
Magma1321/mythos-agent-pipe	main	ok	6	b21d610eac69fdda36edc544974e3140dc419ce7306f3a845bee5aa695b90c11
mattolson/agent-sandbox	main	ok	362	1ee7febd14fc57898dacfabe92cf5e28cbf79ea1a55f3e5aa9d49d8b9ba22d8c
bitrouter/bitrouter	main	ok	506	a3d436f2cd7e8fdf0eac61810b7841250446716a5c3afe0d78edb811e8aeb750
inngest/utah	main	ok	81	fcab224002556f0835bc6204c513d21abaf0338b3ec4323beda48c7adbd9219a
Zleap-AI/Zleap-Agent	main	ok	721	385fc0bfc65217b10efa79f9cbbc41402747bea9e700fbf2bdc0d1f69d3295ec
ruvnet/metaharness	main	ok	3761	5fb2c0a93691e9e08a0974ec101fd88b413f076514583f8cfdae24b8ea2286d8
UnicomAI/UniHarness	main	ok	307	927757a462da066cd52e742bc25eeb5783cb1669555d36ce78cae85eba33dc1b
deepfates/cantrip	main	ok	173	6a584c95763e211e02690933a3c08077ca7006b55719bfd1609d309537a964c4
romiluz13/cc10x	main	ok	154	f3f085a502f1c6d0929a32091cb1416d1ad0d7a9da09822675d92765b19572e2
Mintplex-Labs/anything-llm	master	ok	5567	ada3fdb18f12316430f08810c4dbf08d2b665e78f8897c34ee62ca726385d29a
SonicBotMan/SoloFlow	main	ok	73	e6ce59ffbe81f2c2d83ea16adce67a2e3ea2c4d01ee03401a072074920495aed
RUCAIBox/awesome-agent-harness	main	ok	5	285933e4c2fecd91019869b016cd5970693e2ed1aff8fffda1d21c976cbcff0c
shamspias/reins	main	ok	179	ef96b1a1a2ac203e8f9cc93dc6a6723c6f6a960aaa545558ce7ce81d800a1258
wulawulu/learn-claude-code-rs	main	ok	344	9e441c0e0c6461a99b928cbf6db30a6545eed83b0d36b9b9fabb55409ea9a440
mturac/everything-openai-codex	main	ok	2821	5709614c639220b30b16ad115bff4066fc7e84ddfd13bf75f9e3cee0feb727e7
7-e1even/learn-agent	main	ok	84	be77f9b3afe8b6f5cefc28a4db2d017cb8c947bdff2b8f2a24a4441b999de0f8
WanLanglin/-awesome-cc-harness	main	ok	80	e8cf8ed9e2283a5bcbe2e469b356d08b57b2fa358d2578191837dc58ab29dfd4
vitaliikapliuk/modelharness	main	ok	193	553595c84ccc77e677ad56ffe46671758b2324dc82a2ab6eef3b5f3b2a5e5342
holny/Agent-Harness-Develop-Book	main	ok	2	061f8fbae62764996490f28c6e40a979d6caf50d1cfe735a7566e0b192156724
RightNow-AI/AutoMegaKernel	main	ok	167	b4387ba3e2e25304a1a1e02c7cf7ae1a73a4719dd21cb98adc0bc1795c8efb25
TRocket-Labs/vectorlint	main	ok	250	63dc9faa87fd5522a8e398b4f4b5ab9bf4d754930937262210ef71a2d752bc5f
Coral-Bricks-AI/reef	main	ok	249	d1321435b60ef54dde10043ba6fc18b17e38925123c1b4dfa48a907ed2e667c8
SihyeonJeon/why-was-fable-banned	main	ok	64	a436a6996593baafdd548261983d61a412c77ec79a594a8ae9850eaf2e513500
appsoftwareltd/vscode-agent-kanban	main	ok	79	4ba925e89b7d7f2a0d15860e2bd4895bf559e34249f86d75bc014768c853fe67
smartcomputer-ai/lightspeed	main	ok	516	401e368cf74baf425f233d1a01f9163add2746100ca1d5369793cb1244e2e184
Mintplex-Labs/anythingllm-mobile	main	ok	399	9fc8a49693fe21b7b97460027f49c7382b8099f9e9a653dae11017b99e1482bc
strangeadvancedmarketing/Adam	master	ok	83	28f7ea8a10b1f03e802f23ab683ce682f1446a5aae18685201faf9675369a516
genai-io/san	main	ok	708	5ddf308ae274e1d84a0d6283735c5bf2a53a969f819a4befc0f994c6df7fc903
xiaonancs/claude-code-source-analysis	main	ok	38	9d67036ca49b745ff5f5f09aad82449e185b523cfa74de48605129712a3e90f4
agenticenv/agent-sdk-go	main	ok	405	565109f6e2fabe9a2b26fd14fdca0399f1f26b5f596e0c7f6892ea909027ae00
mvschwarz/openrig	main	ok	1715	8ed45dd06d2780e9c7b974b616386e334c16c87b57411d93a0568b237a0e8237
ganimjeong/Harness-for-claude	main	ok	28	e75e5ae31fb7847c1e50649613b9e2aa0037da52bc9a3d343317f2fa141831e0
InternScience/ResearchHarness	main	ok	96	6f66255b3c000f050ca158f03e92e657d4ab81b7c87da4c7ffbe288ba711f556
move-hoon/sober	main	ok	93	ebe0b6741398b64a6b909a49746a8fa4fcbd99d75e019d0886ec0c1bd0985a95
clawboo/clawboo	main	ok	1207	7f77bc40a6edf49df9441c930bdcf096fa2caccf8c152f76e111bcb72fedcc9b
xiaonancs/hermes-agent-study	main	ok	46	cb6cda0d283a2a12131b01f04315b216b58ca775e56264b00471704d1da94863
whut09/paper_agent	main	ok	122	b63099285241388e8ddb4d9b5bc5d9a5f10a3158f2c5eca4741d3916203df4d9
410979729/proofrail-hermes	main	ok	47	23bceff49c3cc067a71584cf09e9a8604494c8abc9f9e5895113114b96ad8c2c
edvinhallvaxhiu/langchain-task-steering	main	ok	47	e319ae94d10f941a03eac09f1f8f6c0d4b4ed9b9cb3d1b364815824d73982988
michael-chow-arch/goldfxgraph	main	ok	111	63005f791f5beee9ed1ee6b22370cea9f4c57060dd770899a8a1f47a0123ad02
MatthewZMD/agent-digivolve-harness-loop	main	ok	43	ecfebc7fbb8f0fdf4722db08fa00c41a8162fcd6d6c55be8841a79d66ce29119
majiayu000/vibeguard	main	ok	748	5b71beda9ea54bdeb97be24dd75297ab6dde3dfbff210101e1f91c0436061170
Rockielab/rockie-claude	main	ok	497	98cc4bd6e9a49afcc704f7167eab5e3b79c30f2175d71b2fba4478f2d624f13b
sehoon787/my-codex	main	ok	79	82d5f4f7e1696196fe1c18f54976fa2d85a59b79b76992b1157dc6ab0795dfe0
joyehuang/Learn-Open-Harness	main	ok	99	bfc2c8528089b768d6d435fa7e148ba2dbf0895f6c6cbe5221310d8fd597481b
cosmtrek/jeju	master	ok	327	0d38de93bb7a0b11475232b9ca361c2e506da23031e52a22258c643558fc1c29
HaseebKhalid1507/SynapsCLI	main	ok	415	61f688414b6bc07516f91b08d35c78d3a354ba30729e8087d1cb2315f88dd515
WhitzardAgent/qitos	main	ok	1052	b4809ce13e76c9f2dfd453a75cf58db1d9f45676b5e4d7b8ad6affacbfe67d80
leodido/structcli	main	ok	194	fa7cdf62eec2a56637c11a3f5997d02032476f205fee5968e362e61bfd8922e3
kiaquila/unicorn-hub	main	ok	126	8e782d853887e08b27d1d21d37567b2330fa0fb67b71c7d437e416eb3cec55db
lukas-grigis/ralphctl	main	ok	1505	c717b405c77ff2a2230e3bfc9f62ec780f537fdce3eb454f250b6235674f30c5
MeherBhaskar/agent-rigor	main	ok	48	829e622553ee424ee4359f44c698c768467b070b1aa5d71ab063c82a0bb417f5
zxpmail/ReqForge	main	ok	1931	c982d09c57ab249a0c11efef3c79106c1f767c7c531cdceaeb4b5828ebc35118
BicaMindLabs/FuguNano	main	ok	473	71e6c9ed02ecc7015536e1433f01c6d223301417addfc73da9ccac550db233bc
core0-io/nio	main	ok	313	08d4a057df588f42d9e25eedfc335770504d5e8114c81573a9cdd7e8c1107d31
knewstimek/gorchera	master	ok	79	c15969cb28c43111aed676a75b63c1cf5de0e88eff46780d8ce3e8aa302eb2d3
microsoft/Build26-BRK243-claw-and-agent-harness-in-microsoft-foundry	main	ok	176	61ef982d4651b07a394add1e9de8416361c547563c8eff0ff15f42e20e2b8a56
listener-He/java-harness-agent	claude-code	ok	178	7938cf293b03efa756b08c00c3e15c821fe513a83056a5368f2c457a0cef8ab1
jity16/MiNerva	main	ok	336	f09fe7dc6a056b937b2cd7585992805bc3e2c95486b5250249b79ddbef29946a
Ranvier-Technologies/pixir	main	ok	374	359391b5fa6152b5f75eb909d9c09b0e1c1a3a47810814604593f2e04d153689
zosmaai/dhara	main	ok	258	e82dba5d797da372c25008d9c0aadc23a48aa4df0b32385ca94076969f57285b
asa-degroff/Porrima	main	ok	396	5af78b7f87c5165739d31b5ab76a0022d68a50c936ea643da418b716daeb8a29
Open-Harness/open-harness	master	ok	278	9a4b83f1b58cc834f36dbd7b99a3429b2d2f27cca742856d2805a7a410abde36
sehoon787/my-claude	main	ok	69	243fce861f9d6d04d0d3baf74715f02df9dea372ef55ef886701a4c8b1e7c817
Dominien/hubspot-sales-agent	main	ok	90	89f56e7b486978e867b8c6baa0233983ac54af98f35de7cf7ce8d7512afa949f
HexamindOrganisation/hexgate	main	ok	492	3d10c334442ba293fa1511c5ced264bc37cda5db19c3a9ae8276697c6e87dce1
joctaTorres/ratchet	main	ok	1304	a1688b89066b0f69daa68418a45c2c4fd7b37536928ecde3eda3e380ead4070f
prakashkagitha/evolving-agent-harnesses	main	ok	239	e0a4a0b6503b9c2e73494f88d7065ad9e047461367e291e889975892e38f60fe
BA-CalderonMorales/agent-harness	main	ok	275	4312b739d22cd0e9e480e0ccf51b9997d82825f5600840f087869385e40bcd10
ianphil/chamber	master	ok	716	01cc1238a0572d023cd6363a2d3544a8dc0ad7384272eac22b96c6870911285d
schalkneethling/skills-autoresearch-flue	main	ok	108	3971d0fd631e86cecb2cf95ae79563e81a8fcbba1ae576788e00fe5c2d8044c4
clark-labs-inc/clark-agent	main	ok	35	5bb8bbe3dd09478bcbb3e5e2bac64ee4a674de41be8152f01994e674d17d21f2
tenurehq/GroundEval	main	ok	54	d0920323abfc10f768dad38fc9d6c3eddc84be44414a4e38ed5b2b3f5dfafefd
ahwurm/localharness	main	ok	308	a7949684d4e0e3960fae078c602ab579def053978937fb2f3ac40ff73ba802a5
AAO-SH/fable-harness	main	ok	28	285e2f40b2821e4426e2be84a2ab89f66abf5650661745065b8a0a328590f6e1
3xcaffeine/frontier-swe-openenv	main	ok	182	8ed968839f76c9de07d2f393034a8c2ed8b88472ea7745d0564cc30f01fa97e0
lobehub/lobehub	canary	ok	12772	5f2d2e3a146eefe5be94d23769b6cfd0eef65d02c3f727edcc632520f42ac3ef
chensheng/opc-harness	main	ok	688	5f347f66061239d85e21975153e07b562e4fed1ae87e695a8059b9bee71d60a6
BitmapAsset/mythos-harness	main	ok	12	c92c669ff459d5f008d4a664c7b4af097896e219278c237b6ecd0cb82c3cdde4
chapzin/codex-harness-mcp	master	ok	87	6ff96f1588a7c08dc123ac25cd0a405f2d805fd9838adf23d1b86f1303f3dba6
Agent-Pattern-Labs/iso	main	ok	709	1c84b2b6f180de381574da2beb9edd8aa65d8c6ce653dbca95961562659da46b
human-again/orbit	master	ok	124	b1abf1e19cff150b1843fac83679698709528d16f9471cfd03e3e5698dc228e0
openexec/openexec	main	ok	1461	fadf5b4f5bd99182c68a649e144f7d1f4113023ab852722cc81c11cc15e9e96d
sky-valley/pi	main	ok	167	36ad3e69dbf226e65c76c787919abd2f4143cb6e6e9342ff96894891eb42c121
monoes/monomind	main	ok	6425	cb3c6706d09b83086c9467186c34fd88c40bc6ad4270b40638d6b07ec576f27f
memtomem/memtomem	main	ok	876	17915b544a7bccb58ec7e03828c6f4e2f072bdc73ce45cfc9a2562ee10f92eee
tomcounsell/ai	main	ok	2115	9114b35feb54610e45370baeed880e9b6f9889b12cab68c0d6c4dd6faa169bd0
epuerta9/vent	main	ok	35	cf00a1945d5b278c042f8014d0d0895c485264f34c190039847334660ef61475
omarismailb/product-wiki	main	ok	165	36bdbb59be36402e01f12108521852811cd116751a89d9d4653cdf800e33e948
huahuadeliaoliao/long-long-run	main	ok	25	79e109078444efa624c1da9d8ec7a2124419cf5f43a4f65f12516b202741d887
Peadarpol/ai-delivery-control	main	ok	304	84cd380e7c43df36ae15d6e7153b9fe0f84024ef613ffe4c41ba1ede0895feba
Nairon-AI/flux	main	ok	294	ce5f5b40e14939a6697864f4a1fac4445d6fe2972d55c0c0385d051c07e1e778
aksika/abtars	dev	ok	559	1cdbcb31820ccc0e6a0f29814e6c8242e90ccdcdb21f22e3aefd507d0672e6d9
xiaonancs/openclaw-study	main	ok	80	591f31b4195abf82e4ad5ef6106f4012556cc3a2a3484f10fedd5ce4207106cd
yfge/agent-harness-skills	main	ok	72	021a4cc161fc91ac8f0af98ed4a93b3c0ffec9601ee00ced9d6c2c5eac9c89cb
alvis-HaoH/gkd	main	ok	25	4198795886457d564bfc33f6948f29ee2382491449a077446ae2681e0eca5f61
m24927605/ait	main	ok	655	6763d402baf38d76862aa760108abfcda953464a50a3b59f6ae2e2745ac4ca0c
23ag1/completely	main	ok	143	29dfc587d85cdd7c84d0598cc17953a1103b52253b3f0d9ea0bc1348ed2cd5ca
hushctl/hush	main	ok	115	4b9c163f5104da38822d39b66d1062747131bec6703d22f09cff08c0025d6d9f
EpisodeYu/HarnessSmith	main	ok	122	41f00bfb6f59f5a33f81566631918b4c18e0716b963edf335dc9044ee1eb7990
HKUDS/AutoMemory	main	ok	25982	e106c1fec72c81fcbaf11ced4147fdd3af72fbd073366ff4dbf41a2689f6c090
Arthurescc/harness-creator	main	ok	10	737e0297e84ed7ce722296f5b47c0c99267a2c48a14441386fdee76fbb488ce4
andykswong/mithic	main	ok	635	f726e2ae63e09fee0ab051558da7c2fc311a242a019004fa6a7d9138925ca83c
senweaver/SenHarness	main	ok	1297	33e143710841780f5868bbd29b175e54058786c14669780e1dfc9c43b0bc31bd
yoshpy-dev/ralph	main	ok	723	13ce1c02701fe169ee41e1284bfad57af5b127b18895ca454cba5c98b9b13158
infoechoes/AutoBCI-Harness	main	ok	115	aaee05a5dbb66f5235d526d740bbbe0dc1e8ba40203a7827b63e419360a2b8bc
beydemirfurkan/opencode-gladio	main	ok	116	bf3403567e7aca354ba6fe0059c30901504d9603e42da148cc81ce0462438222
cobusgreyling/grok-build-arsenal	main	ok	71	2fa86da6e59cb06ef1356d7ac893f6b2225ff6b6b60119371daa5f6351a9d397
410979729/proofrail-openclaw	main	ok	59	5d62e0e3f382535d07324b734c53812ac88b464cbf33c72cb9d126ebff07795d
peter-olom/manor	main	ok	333	3b94ed50a57d22ddc536ae1245599595aa60f810f7625ae48135e4a50e9ee4c6
framein-dev/framein	main	ok	161	80b5b48a471e473fa16d99a56e9745b7147f20057ded149d5028961f23da831d
akml2013/agent-harness-java	main	ok	210	e16cee06222812d917a9b1653ecae63edbb1904435d9ee5dac3e4a865e166e70
xiaonancs/codex-source-analysis	main	ok	37	df1e1edaadd705d212d677b27caec3efb1d41836677569ca4ea09ab38cf26fc4
Jonhvmp/leopold	main	ok	196	61fc7d7a242e2e7ddb7a265b8a7922cda7c9462ecb64127e412978a0dc51c9b8
EthanSK/agent-bridge	main	ok	148	d086767616fd267c0d70956f32d44e5715520f5e0fc9433577fd708ee13d6aa2
sky54laozhu/building-an-agent-harness	master	ok	117	c4679dd3877e5d0705b6fa55d8a8cf7224b35eb1409940ce98e43ecf11efb2e7
BeamusWayne/HarnessTemplates	main	ok	58	2037cb9e29942516b7e011a2a82cbe2f77465d206e15193810b97bf8c578b538
memtomem/memtomem-stm	main	ok	296	c56b0b4e13d443e1ba5c51ef5cb7afdf5b2b19d253706d580ec8816ab5612d21
VibeCodingNights/agent-harnesses	main	ok	26	74c6a491bb158a5e09c13173f4526f3b8e853e3f851bbbb0439057283e064943
XXY-CH/Aetherion	main	ok	410	91b5682170443d643433e063b3223ce2eebaa465b503fd71f0afb33fa4d42be7
bettyguo/harness-engineer-roadmap	main	ok	115	3465c09cd04c0933546135e5a0796a25aee9f3b5cf275bbe9df27091bf7bcc5b
droidnoob/hew	main	ok	316	fde88d0c1ecfb82e380db607ce49d2d97ec60e4ea21c58a180fc7cf2b09b0a6c
mupozg823/codelens-mcp-plugin	main	ok	1099	0ad727b98d8ed18be8a3a46715d64cfa875c7e515b3bab107e9ec3cf48dafcb8
isagawa-co/isagawa-kernel	main	ok	73	d9b82bfc7a225007b8143d4ef86692d791bb8b86e687e8e75982e86a2997e3a6
Milind220/agent-sdk-rs	main	ok	29	7fdc2214e73c27bc0a850e5489f295f68446363706f6fc3328805e87701cc9a1
harshalmore31/phoenix-os	main	ok	283	35fda55ad7b7931911f9f7fa289f6031bdc6c2428c27198e96f193fe382aac36
Parker617/whalefall	main	ok	91	9bc41703f60311db0f0a393c7fe166ee6f3c5b33f1d77e6f08c770770ea1a4e2
neurocis/a0_superordinates	main	ok	85	f7e0c3d54c7ad3164de23f4c2078577e3ddb9963186151cd13800f218fd98d33
yu-iskw/sqlfluff-complexity	main	ok	391	9e65680e99a3ea9c1de4b6371a4b071e1ac2e29c6fcbe29b5186640c3e0200b6
CaesiumY/harness-optimizer	main	ok	11	6ff14341ebc50bb41bc243dfed9328879fbd5dedf2952cb7b371d0f455ae362b
gzhzk/nanodeer	main	ok	189	68599e7a4b1dffc1d3d190903a66441a2b2e24a9bca2679f87e71d7c3eb17407
lyc-aon/successor-agent	master	ok	285	b0f04ac8d2a2b27f1216b353cdafc0b0e0f7a3f81a62ab61790cb7fc83cd84d3
jeanlag1/vibeharness	main	ok	40	185d5c805490bc30d1e2cdcac2d9ba264ec706a02e57fbf8dfc4bb62cd0d27cc
verkyyi/tokenman	main	ok	36	3a739a71738faa31d62f5a70a1c83076c411b3ece39dafedf03b326f4d5e9b7a
edwardZhang/sps-cli	main	ok	443	3ca44a60d0a9cc98ccaa3d6771166075a5c4aa2a2d5cfd2e42c328b41fde59f9
GeorgeWingg/Neural-Computer	main	ok	104	1b2fa996eea5bbdcbde859018189f10422562541bc4d61b30e844af2c63047d1
mindtheproduct/vennie	main	ok	203	edecbbda0dcf4ba936500495ec8e8db47d2c8d6b2b05c1cce6edaa678abfa3dd
ferterahadi/canary-lab	main	ok	654	f38f533d59c6ab2fd09b850ffd772ff80455e11fa72d651c892b5413a2ae1cdc
PatterAI/skills	main	ok	15	e0a818eaec66a664d0cd0024cc236feee5866844d8f7b3de56422986198924a9
yenanjing/awesome-harness-engineering	main	ok	5	4e0eb05f8fe6f2b20ac641aff48cadfba4bfbd309271c19b1747f27dd72f159d
onblueroses/strata	main	ok	275	3888e7ecdcf58a9c4968afed000f88a9358509ae4c917e2c1d82a83ac28186e2
Muulor/AgentVis	main	ok	1176	dd73d211a3ee487d25ef8a903dfc9caab7d35e7c6aa39c70a2f55d0c277b3d2e
mirasoth/soothe	main	ok	1901	cfa28ca6cbefc61ad264c641530b61f6d346362214b98081d051ec9cf0bafcac
wujfeng712-ui/claude-code-harness-notes	main	ok	86	56a7c07278b1fdfcff99f99805084092f9c98dc1cf5685e4db356df79376020b
zester4/eltes	main	ok	697	b5d19b73fd27f3b3bdf4b790f04c6d4fa95b0fa8d8e1f3ad3a5cb2b065fea293
hoiung/sst3-ai-harness	main	ok	271	af5af93a2bd377ee52e1a3517ea68cb7a64eeda0d45d3fe9dc0fe693aa5f0240
ar27111994/agent-harness	main	ok	354	412bc8b7fef1e3dbe7c477d21fe975c30cc6f0513e1675c24b66263718516b91
zyziyun/claude-code-mini	main	ok	46	c6a3f1e3087153f2f0a8a43b10ac0ea2ab3fbf70235e4b88d84219e7c7cc47cd
dineshdb/pie	main	ok	117	795bba213f691183d9662256a4f06c3ae86425c4ae55541f346cc35a2b601d82
JoaoEquer/Oficina	main	ok	23	50d138d84a4fa5efa811ff0b1a507d1b759f5e4d0e7bee39c6f8006a0d206782
lordaeternus/agent-execution-harness	main	ok	217	b2499dd6426d2e80690b9e20c23b5eacb400fe2ab19dff5cebf4ab53cc670110
BeamusWayne/trace-vault	main	ok	88	ebbd686fe7dfc18daa6e2a5130c294edaee8ad8e0909d40233d8213c3181b3b0
Thakurvaibhav/platform-agent-harness	main	ok	104	4fbe69e1e660a6bbc269db023318d61e704da42cdacc1332e084738e5ade64e2
ryanjames85/grom	main	ok	77	bb0db1267781421ebfd449fe118854b7c0ff525b58999f2f494ea450eb1334b5
aitrace-dev/granclaw	main	ok	254	e6ad99deb9f6ca8ce4ba2a20e7c8ab969f653a4e014c5eb786b995ccfb4d1fa9
NeuroverseOS/Neuroverseos-governance	main	ok	339	b848a922dc8e7d7ac5eda08e0deb4f955f17c3dfbfeb4f25ba48f474401cc126
ourostack/ouroboros	main	ok	1233	89d9b7e918acd7fc57259ebeee9e291d64551426f89b60ad788262cb7dda3a49
PatterAI/patter-mcp	main	ok	45	819aed4ab8a344baa4b97741d1fbf32b9429017c571c738f8effd6ceb9e3b9f9
dahrkai/dahrk-node	main	ok	87	32b5df8b870b07cfc5ef794b5ccabe6159188f3c88199c5a305a413414e82d39
samartomar/ai-harness	main	ok	541	446168dac6f9232b10cff86d0703ad93fb1e61da4cf5ca5eac609a9bd6e85ded
raeseoklee/codexus	main	ok	382	772afcdd3c4643133b34d8a12c0b28b3afcea26036daafb579192d494ba2e44e
MendCode/MendCode	main	ok	2956	b94802e32e5682694e3890a5cff231ce9fe2d3c1450c009c1494fa303b27fbf1
FutronPrime/verity-harness	main	ok	228	3e9b137f30d32f809e79d409d8edd0f17cf730b14fecb8d43774cda37bbda3d2
secondorderai/ouroboros	main	ok	625	832c4583674641578c087f6b98dc5a1c0b1080e8d17759715a50cb6366015f46
katipally/friday-code	main	ok	254	5d0530b39717e267d86b682cd9e0442650f5f5da8e1dba5005aa76b8bf4772e7
leezythu/agent-harness-compare	main	ok	14	feb224c27e3268c233b7eaf4aa951b38cde8ce618716dad63436c44f95ce4956
androidZzT/harness-engineering-practice	main	ok	32	9db2550be0d5a2572f4ca42d981418339f79af0cf8ec1fff38e5dfc0dfc939fb
migos1990/ai-eng-team-harness	main	ok	44	b2e6fd56c57e809d0281a552b1cd233d77bcee8630a959652cb5ef32fdc671b2
youxufkhan/my-opencode-config	master	ok	47	454f28da2120964461f20011724d047d2bf24a388a6f5d8e652f23bab3c76ed3
MRGRD56/pi-omp-skills-autocomplete	master	ok	7	1bd5b0b26087ef0c40ebec21739d8b584c8160e7238fe14c373d6153bfcb4eb9
NFJones/mezzanine	main	ok	453	0584b71d3f7c4643fafd5d3dbb334fd24f31cbdd262bd7ce09e4c934416d0c41
binary16labs/prime-silo	main	ok	2250	88d8144c5105a293a7e15c0e5967c498d8041915e6f90fec2ef092acb23b3ce5
herreravalenz6620/context-compression	main	ok	55	372642c6437e7040a61d39ef607ec21654c2f5d2f0fa254f661f2ae9abca728b
spoke-sh/paddles	main	ok	2603	af0ae791c73ed93f1f20b7c12ff3e4676af0e6300c3e63c2f2fb425c475758bd
uzysjung/uzys-agent-harness	main	ok	524	e606b896e0326de305709512a7ca01055b8802731de3dd784c9263774c3e7de2
qimen039-code/claim-boundary-harness	main	ok	163	4fea620f0cd1d59d6f733db3f6b4d221635cf75431b46bac6390d7ad6b311f50
hssh8917/cc-skills	main	ok	86	a4e7601205ada3beeb1c6095a140aff8a945e6509356306df1a3eb00ee1a740c
Picrew/LLM-Harness	main	ok	9	719cc750c256abca6f238f084e3e67845632287e099ab185d710a0a51af8b5da
frankxai/agentic-business-os	main	ok	77	4773fec8fd33092c09e433ca59bda706eff481ab59d5f6d3212c4ed6b3113a41
shimo4228/agent-attribution-practice	main	ok	69	864c615be61e4b6a475285db5fcde81be790373310f088ebae4d840cf62c66b6
imagent-lab/learn-openai-responses-api	main	ok	162	85d1528d881f87f46af0e9ca5b89a61bba367704ca418916cff180f97ed73193
benlongmao/Self-becoming	main	ok	385	719e6bc539323216661cfb78c7be7cdf66efae84d4d21a40a666cec8086d1b47
HaaaappyDay/what-is-harness	main	ok	37	9e6c069dab2d954919de146d02c0ae4c5b05139b49f84e264a0b81cf063a56d4
hjnnjh/agent-learning	main	ok	36	4ee5adc98c0ad77a48a4080a9da3007cb44526e48cae8d5c05510a0096c76057
gjkoplik/hiveplotlib-agent-harness	main	ok	41	6ed862b16d2040dcb8ce9fced756060326caa86dcb89a4538ccb5368189d6eb1
DancingCircles/billing-ops-copilot	main	ok	80	45a4579d50125e86c45af283b068e14aa3e610c3f725857be353d16d1c6352c4
lian-tian-mo-zun/minimal-stable-python-agent	main	ok	18	0a39fa2e9a3c24778cb2c432a9ada2c7f6063cf7073087e40a365dfc7302c533
LeHungViet/scroll	main	ok	33	f9b48245cd8e6f8f6ab6e3ac626aed08e824e18317f555de26aae07bdaeda7c5
AtharshKrishnamoorthy/ARIVU	main	ok	536	d027475f12fc6e7e6f477dbe27a2c50462d7a3a9be999eb076fa64d3a6e9c24a
gzb1128/skill-forge	main	ok	74	e5974ba712d35c72309352531f47d64b0d402bd2bd83b65be23ff7cbc71be8cf
elizabethfuentes12/resilient-agent-harness-sample-for-aws	main	ok	42	f16edc22078e823c7f372e7450efd77ec3f700a8e85c1d001aac9ae5b5c7c023
luislozanogmia/fixingrok	main	ok	10	167bf9d95f7a99720867febd23457ec4a1a929dd24360cf91571fdcf0e5cfd13
mossagents/moss	main	ok	878	5b30f84a3178ae76ebeef6d5d384fd8005b41f111973a38939f720fea2b2c85d
guilingzhouyi-creator/NOMOS	main	ok	15274	55a53f358573d6e3b820ea24b2dab5efaa10e17d7aeb7f2317b5bc8397a8cc6b
KoreanCode/orange-hyper	main	ok	127	2dfe142b84a1f490c30dbc8510e37f237e9297ad2080b3cf45735a487344fc42
NullNyx/just-harness	main	ok	43	94088c950c20aecfee918b656c7fce1d1ff0272c01bb5fedebfa13f3bd798fcd
Catfish-75/claw-task-hub	main	ok	59	338539f6cbc03186ab42566852593be90b4e03c93fb940823e6b5b3ff8623093
AnayDhawan/oss-launch	main	ok	85	91959d171817579efa481f93a6a5ef5c7e227a3860357065cae1460fac71a38e
uppifyagency/loop-kernel	main	ok	44	a08bf88d414bb0a025d6d0018dae1bcf461ceffeadcf19ce884e4d6dfe4a3e00
hiloopai/hiloop-interceptor	main	ok	73	7e76647c9c92822cb972c333fdf35ce6863967765e7db4b7e6fdcca48b306b1f
BeamusWayne/Alfred	main	ok	275	7c4457ffc01dc7ccc935f085e2e03c874cd3d438b63c0c235a7512079d73fb78
shiftbloom-studio/myosotis	main	ok	108	064ec4e8e074396d8e36364d1bcefc832ac73c124b222de872958e914ded427a
acoyfellow/terrarium	main	ok	323	3dd22b2c4426b46b5cb8cdbe6d526b3e7982f943c3900d5d806dab92bbfaf2a7
the-sid-dani/second-brain-os	main	ok	260	e8e88d3079df5229e910e3e036eef3b3d28e51ebb11e1a0d0142c810dfb98cba
xLabel/AutoPatch-J	master	ok	201	473e49a13c9343435c881776d60e6810a8e5dcb8006da355f56655e7dd0ee9cd
samiralibabic/open-ended-agent	main	ok	32	2ba494da5222271da076e5af567fcbeea2f313048a044686dd84da985459261d
terva-sh/terva	release	ok	918	ccc67fa4997eb4bae22e0660257e5e1dd7bc62ff6e8ba6f848078483a87f6c5e
jd-solanki/krutrimbox	main	ok	210	5a454b5e76b5bffb245c50e99a8a54d8d71a4a96002c915e86b9c789760a8dce
jimmc414/opal-harness	main	ok	613	ff494ea5eb6f1db582459ab02a480825c29c1da93ecfabb16ef9d19f567facc8
wang2-lat/micro-harness	main	ok	41	bc09476793a90c2a290efba0bde5423df1b4376e87b4898528366715b0cc21c8
zkhorozianbc/reps	main	ok	1018	6df4b857ec24f094adc2dfade6451a4340eb3fdf4198407d877bd7dca0f43386
baksohyeon/mogui-agent-harness	main	ok	98	bc738544b1cd676ec8cc6c3fb28a453d379a3503b08d626ce2e57b4d0c52985f
anthony-maio/agent-harness-90m	main	ok	28	b72e8473f6ce8039bf94cabb0e3ef7df0ffd93f7a11ecff4cd27f788cbe025b8
RasputinKaiser/Self-Improvement-Plugin	main	ok	251	622218582f41f817b7e97755faf2d6dc342a253c6d21dcaa5000b1449db5f780
Othunderlight/tammam-agent	main	ok	98	d7b726e9964f53caf4d8c376d3f766941944608df27659d5f278d7c48c0a7c67
mantaray0/crew	main	ok	68	3b47a4d7e0eae5e60b96daf30cf6a629b383500a4e46b67ff3284eecc0404c3c
cpplain/lorah	main	ok	37	8ad60a73c6ef7b34a30ac6dab632621af6f0228be6e573c62db4e87c331eb6a8
janani-h-kumar/em-ai-labs	master	ok	104	f651ebaa586c9ac718a915d756ff6ddc432611f545e70b8489ba59366c118563
gloweaseco-leo/gloweaseco-leo	main	ok	1	d0919d5bb7576d4b1a495856f1e561985d1063a8e22c74dfb90a5267c165331d
maxkskhor/pokemon-harness	pokemon-harness	ok	109	0bf1f27ad654b1c73dd96e75fa1e19ba12dd8a80905fbbd45e1c1095fb92fff2
bhanuvikas/minion-cli	main	ok	217	25348ca240199d8c9e2298c29d73ef3c8de9c258caadba967ef726922dc6fdfd
pko89403/A-RAG	main	ok	32	10e17e83f51795846125c73d238e7229be809d8c2690d62518e909df27093b56
dotoricode/tink-harness	main	ok	268	90c5d52bcff32acc5d57aa4f523b2cad91cc5702cffc1f739b29832e4ce5a894
playbasis/agent-os	main	ok	92	08a2f280ce080bc6595fc5f108641efb33000bc038588c439ecc6f9935508d87
0kim0bos/yam	main	ok	64	6d3333eb4ac787e5121adf266cb5b3f7f94ddc6128662ff16ebed9ad449cc395
samuelnp/centinela	main	ok	3068	4b8fe9b3553c4b39201f63c858415fa969b06a84a8f44c0dedac6e43c1d3f883
nanawanzii/deli-autoresearch-skill-protocol	main	ok	13	419291aa78604ea78c8782a4773c76b30e17ee2ad6b23036e62da3bef8d8f867
Zwc-11/Murmur-ai-harness	main	ok	241	309b22e31535e906949564a5c738a3e186de0fdee22bee82c816ae244d8739d0
kentunderage549/cc-harness-skills	main	ok	43	bc78ff22cf752a72cf5470ae89e6b35bc95aa280fcb600942303032ab0e508e1
contextosai/skills	main	ok	24	ac9fc193dcc44eff86b298ec257cfbae711685ddfc4e09c4694cf935ca8f9010
kedarvartak/rote	main	ok	198	857556c715fdda74ef03040fa5715f14abf9dce155c69cee233a8fb603a5e1ed
alexsds/ade-workflow	main	ok	32	ebf2a73932c0124dda3f06f65deda13d2b24866588c7218eeed45b2a14ab27a5
lastmindforever36/agent-grounded-infrastructure	main	ok	49	fb1bb3ee370f46da67fdb978750978281706fa4a105afb00a367ddaf5a4da9d7
yuecao365/agent-codebase-analysis-skill	main	ok	14	d517716039cf1f9d2e0708928ceb7f3c0564a874a5e2036b30f8a0bd23086659
rjunee/neutron	main	ok	2178	7929bd88deb3ad2b41d46d42d33f21e74ea78af96d7d1f85a836778a6cf5858e
pavel-voronin/tgdyk	main	ok	12	8f8e8a1c5c96379262c47f5a006f3a7cdada2828818e5c79a754190ecbad3d03
RhythrosaLabs/claw-code-ui	main	ok	189	15af43684327e75f879a2dac931b48bdd5dd7e8db18824317deda3ea6b9b1e36
MarcusViniciusBarcelos/spec-agent	main	ok	86	1d08d007261c8f10786a3162818d693e7b2d5202b613c91a90f82f4a638e4eb5
emavague180/claw-code-parity	main	ok	248	45cee85e3706a41cf7cbf0867549a851dd6d5702e5eed2ab6dac2b443950e098
veithly/build-your-own-agent	main	ok	47	d380286dccef627cf86a75270207d5829c8cb18f9161813bb7677d6652f7fd1d
nevenincs/vaultspec-core	main	ok	1283	ac22a73e4e6dbc6f441830aa037c4637bbc8fa2cb31be74c50195f57209fc971
agi-friendly/domain-navigation-layer	main	ok	114	529fbb42b4c42aee63858da711822618a3d6867eeff5cbe081b30723ab688eae
saorsa-labs/fluers	main	ok	91	2e354914a96f63c94d1b5fc5ba790d13ee575695dee01feb8725bb02d9ea15b8
Abbasi-Alain/atlas	main	ok	118	d8ec216e9d0516ad179731fa558c3fdd71ebe6cf6e372150a2eb2d87d0c3a5e0
lk19940215/claude-coder	main	ok	2365	f6d9826a5f2cf18c337c3bb026d4a2c779d18647254c160d8c6c0c4b0b9e242b
hannsxpeter/mythify	main	ok	166	eba7e9ee4faae2513c60347558868e2c82f0a2c4240a4499d04d9faad33fe8f9
graphrefly/graphrefly-ts	main	ok	1572	37d7a9b6c86a88ac58df1ffb5b4f63988449a3e2113aaae9962ad593b7733671
IgorGanapolsky/mac-yolo-safeguards	main	ok	739	ee0fc790f323572adbe68ae68c1aba02f4a1072a0fcabb3495e79f29fbfee2fa
qwerfunch/harness-boot	main	ok	668	922c6095bf91be125a147435dcd45eb438a42ca5225979d534328f53013c0bba
zhuzhiguang927-spec/investor-harness-oss	main	ok	132	dca0c0a37359b2348a43f1097431d15bb18db0cb9c727f4acf003403957ac43c
MonyetBatu/practice-theory-implementation	main	ok	389	e4df8911f5fab10adccfd6b217731ffa03a79c5015031c45bdbca4c52c8e6351
Siddhant-Goswami/Crucible	main	ok	230	c643333d0b0b503c2c58b22b680504481ef8bf2c21afe5f1a27490f4d4788172
fastbeast2023-netizen/awesome-harness-engineering	main	ok	5	fada2ae3f35687a0637ea358e2f72d80dface69c2618ef4ac06cfcf26af32fc2
brandoncarneiro/harness-lab	main	ok	45	4c28589118d1b4f4d91af94347e5a7e7debaa154ba3847e5cad852637e842e82
Edge-Explorer/Kaggle-SAE	main	ok	6	4b5af0b20d8bb3b3f89dc59b6f583dfcbc03a0f18d53f06eeafc28c98dd96bde
rapoii/vex	master	ok	234	7521264076730ac88ccf373e1a880d7e42b6b934dc489a0e64cc5011c95aaa16
tabbypyrotechnic519/claw-code-parity	main	ok	239	f517f204e26af11d5256197724701af73e184aafa7f96a88959fa3ce4e635ebc
WhiteNoiseK/agent-harness-starter	main	ok	97	2a4653d7ba2ee2e7b1d102d2f5c7f15bc4108f05a58a8b138701e1ef6c712daf
zjukop/deepseek-harness	main	ok	41	a80b1989e689c26f00721fdb8b687315914b17e5de696a414aa0497dba813ae9
sriv2804/agentflow	main	ok	41	6d7a7068af8201bbc98519ad9177f026e89b13ac85bdcf48b219c2c579964780
desty/isms-p-assist	main	ok	47	d545bf1807666f849550025c17435d1c4f3290b18a8496a5c110fadd4468040a
frankxai/agentic-ops-hub	main	ok	71	eebbdf8d525a896b9bb5fd5fdfbe071bef928ab4d3a51159c792bda8ea38c980
tahasiddiquii/ai-harness	main	ok	48	4c15b91db0537717ace8b2da4f4e9d40ab2d210d8838fa911a31f8389d6a31e0
Luis247911/universal-ai-workspace-foundation	main	ok	193	0a838d809088c16dd64f1ca9c3c9ee6a480878757f663a6f1a5b2dc23ee495a4
svenbecht/00Z	main	ok	153	b58ba6355d94ca36813ef82a748f9c5a96964833f7fd6d4bbc77659a4c3d46f9
aelaguiz/rally	main	ok	240	338ed92b61b6fe0be35cfcd141c906fbc372f55459a335942462d82046f28749
minzique/pi-team	main	ok	35	1313c82880afbaaaed2bd9eb2f743e5b0099640c0eecb02aa908fb1d0e88e1f5
IshiharaHaruki/awesome-loop-engineering	main	ok	3	60ba759329d6ea0d036c3a6e422dada9ab472df72759151cb52c623f751d0af2
SyntagmaNull/ai-agent-reliability-harness	main	ok	72	9858444a61b658181df66b3953a73bfa6a24046f47d6bbec6cfdb9c3786a0775
roverdude24/agentic-visual-grounding-rubric	main	ok	25	bd613f67f2f3c3bbf534ab659576b957e37bba7c47431a1a089a29a02ed16d4d
selfradiance/rollback-receipt	main	ok	23	e029f2f5b2358e7057bb94b978d6b64bb52f77fa6a8bacdcab486228fbbe5f09
noopolis/daimon	main	ok	47	5f2826082970f9f0a954a02b4b724648856e9a959d53d812bbd37578fe8101ee
selfradiance/work-session-ledger	main	ok	26	9df39e86a85a350556bee472b33733ce08cbdd9750cce7ad1035daaa463b0ec6
CarlSR9001/whetstone	master	ok	121	1a813e1e831f5674e69285982ed6157bf29cf54c69c338ec3f1d48db620d704d
TristanBietsch/rex	master	ok	231	c304d3cff39fa5e0803d1b7004659956616e73ae939e60164d4b435e8971366f
sun9huni/claude-codex-coordination	main	ok	99	adcd0f07dee38f8e7f68f1ead5ca975fd64195de77d6608d2297ccb7f4a8bd14
Chris-Rebentisch/dualpass	main	ok	90	7962fcd13296c160209b4a9299ee805bba1720dfafc1fa3f5299d715be84d198
hhamja/loop-engineering-architecture	main	ok	86	c32101bb6db5c068400990deed7f093093a1d1e650b3c1cabef663917df070e6
Botfather90/digiton-agent-fleet	main	ok	22	baac1dfd36dc1b15515ff787a2d7a87e738c677671e162251c797c5d38525147
gongke-cxt/claw-code-main	main	ok	220	1f5c38d0b026e6fb1305ef1c43ae92da028f4e910787308b753a5a6c542d3999
kulapoo/opencode-agent-harness	main	ok	165	1c85071015c97a3848b048780f7292e5e631a93175f110322dc574dd40a2a5a0
mcfordblessings2-cloud/agent-orchestra-bootloader	main	ok	1	d0919d5bb7576d4b1a495856f1e561985d1063a8e22c74dfb90a5267c165331d
OctavianTocan/openclaw-claude-max-agent-sdk-harness	main	ok	27	fcdca978c931a187f49f4464c3440a4abc5e580d720c3cd30bcf6cc4ce38ca9d
bowen31337/claw-forge-plugin	main	ok	70	f7407564fa5ece3230ca91e74850f4f47720a41d5d47bfac4c93c262f940f57e
HellenAngeli/claw-forge	main	ok	4	e96e4f65dd50a62081b0fafe508c8516af5c0acf1c6f67f9b92b1765e65e129f
PoLP0ot/hermes-claude-harness	main	ok	48	17d2fca11bc9fe82188ada033b38701cab168b6ae0e0400c8143297f74117d5c
s-hiraoku/codex-harnesses	main	ok	117	8b1ec36db438f1b439a13ea0d84f708a246ecdf00c15426d96654a014f087f71
WhiteNoiseK/multi-agent-harness-loop-starter	main	ok	123	953db0e1d35e2ee123eafca31057321fc5070e29adb245b98328fd03ec672d03
Arakiss/greco	main	ok	81	8605c7fb03b3405dd4c51d77c1ad1e159b64b72eaa74c3c00e9da622672615d6
ghbvf/bridle	main	ok	27	3ca1826b8d75534851b089ea699c24591439ee403ca51a430b4183892abfb75f
premsai-pendela/NexusIQ-AI	main	ok	181	29cf7e1918c3d818774a76f55f990dc381777d90aa3fc50ea31d0b582e2e8e05
bharat3645/The-Ideal-Harness	main	ok	125	ec0489a868ee8d907b20d429a2c0e081d8e7c162968c516ae055597d79d7b98b
marius-patrik/agents-harness	main	ok	48	9a1cc1ee27c5664093b7ea780e076cd908ce2e9454f7a4e695a11f299091bc8c
KranzL/jje	main	ok	877	2b6d319ed00d2520820e0ffe14b6b3ccac3d993fd147b854570abd32dec659c3
GeniusTechnoMystic/agentic-swe-grounding-system	main	ok	161	93c78c1d980a8887527eef7e26fa4eabb8bf5c5d8726abd05044c735d8a228a6
sunrisefromdark/sunrisefromdark.github.io	main	ok	14	8cfe966a8722dd9e992e1e454613d8a9fd7a8a453407146560c1d14ed0fd6497
WhiteNoiseK/claude-codex-harness-loop-starter	main	ok	112	95df6334ec0648959217b6eac8ff84fb17dcca13e36050dfcb6a951c09520b67
hanlinlibham/able-harness-kit	main	ok	15	beaa106dc24f5658c4a3b92253cc4f653104cba8edb3237d984c760f75b433d1
unified-methods-division/vigil	main	ok	27	b00b6ce2d72f2b06bca7fb61102edf62ef62977f42e72eab5d1828138132ccaa
X-McKay/bakudo	main	ok	98	c22e64f1aa3911e79499b93f01e5dada91210b94d970d8abbccaa8a429ff84de
estefanotuyama/radio-mcp	master	ok	69	333010ed43f1a79bb55125635c9e7cfd57c51ba03f02ad68343b80b43566af4b
danielvogler/deep-agent-swe-harness	main	ok	27	7d269efb7684371030046c492c5763023cbf64ef764be2f22cd5a0529ff17e07
m83iyer/upbringing	main	ok	29	bbf589b1df20bece2d3469ae8fee58b969d8da76d59210bce99b4085f95d8c1e
sujalmanpara/harness-engine	main	ok	22	1b9b5cfca79ffc089ad0b83f69a879df7f10d336a7c3c1fa1d20652a7f639baa
dangeranger/conductor	main	ok	82	c15ade8d171003f51a8cbae36551a7a7fe0a98c16ad11d7773ed91ab70e8313f
primorLee/harnesslab	main	ok	44	5528384a8eb9f254dbc88ca93a4f02ad29e498309676a32a03d7f569e08e70c7
BraveCowNoFear/BraveCow-Harness-Codex	main	ok	21	df942bb939faa94e36e837b6574d669baafcc69c51a1e064f5195a6fb9a19368
netsky-prod/meta-harness	main	ok	27	9d1825735d1f75d6380ff1f82a1681e78da629b039ae1767f24926efd251b985
blixxurd/context-agent-harnesses	main	ok	76	1b54f18a825ef8f2641cd61536c677e1ab8b0e30dd52be63887b332b10ec74f8
elvismusli/onlyharness	main	ok	177	43c8a35133dfad6ccd6a91218bfeb19d80562933f0c5d69dc1212d21205b2131
selfradiance/contextgate	main	ok	21	b4c5105b22e1aff6c295c2442ef12f261a9b1310b2f008d9afaddcfff8a7de36
codexceed/avatar-harness	main	ok	256	2c883104bad61d8d8cb77ca92b783f04134fde3e47810ce0553b1020ea920133
SebastianBoehler/degov-agent-harness	master	ok	38	33d8e245fc6ee9ab862457bf591b3626300d787cf997e25ed93991a03b7469e4
to-real/awesome-agent-harness	master	ok	8	66b2d53b7f76b6799ed55444897abb4289127b879c25acddecacac27291c08ce
115th-discomfited211/Awesome-Harness-Engineering	main	ok	4	092c0c4fc91895354ca02e2141f2ea49b2caa244570b05415fc33a334210dc77
chalkagents/chalk-protocol	dev	ok	167	cf4978bf8a267946c8bce43f563edfbb3c89930491da18c11fbe0bcd741f35ab
jaredboynton/unifable	main	ok	682	24a193ead58281f3cb724143bc1c4a7a7c0cc96cbb4cfa199bcd897897f6852b
ar27111994/agent-harness-demo-video	main	ok	35	093272388429d3bf1e335ce571500fa1cd0e500bc02905886e251cc91d2b2d07
elhenro/bee	main	ok	894	80ee2f76c0fcd88cb861c097ef84742fa1d121dcabb9e51f0ffee95f7f6e4d1d
mike-diff/agent-harness-overview	main	ok	50	d02f0c5240e9bfff15eadd2a35f1877787d8ffc5d12b9b31d3463580e0a72eee
allanpablo/forja	main	ok	653	39c7a287ea5761e7677bde2be3573206d6e1a1a8458bb7d67156363e30a0a8b8
SunChJ/learn-agent-harness	main	ok	38	5a78bdde845fa325ef0b7644a3095e986a94fb6af0a58b2b7191f15678f9ffca
LAHacks2026/Obi_Laptop	main	ok	96	e59921b5ca5ba9bf5dc598e52ae6cfdaab4c612f7d00f859422d262d4d909165
OpenMind7/definitive-agent-harness-guide	main	ok	17	2af40f4052e58a23ba6b1c53aa4cd7eb7d63016b79225b6004770a6ba32c1274
mike-diff/sesh	main	ok	112	883259cff817ca762239b1a2c667a8293b9954a6d1a34e33e104078f6bc5c703
Trusty-Squire/castellan	master	ok	447	86c18c2f7aa4edfee4c669ac45af7f74280ee28f327b5664f48b2bd6e4048bc1
jacksonanstee/agent-harness-JA	main	ok	123	99b585f912321e4801632147e73ac4dee63c57ee9fb12f8fd3815cab30194386
lancekrogers/guild-core	main	ok	2086	5d07b9c6bda174efa9e4400f43db7bc84282504e32db4b0e961c6d68defe4268
kakineko/idea-search	main	ok	81	2e36ca89013e2e5c73ff97cf36ba329e30e3a258bc4634de0fce294b44cb1f7a
graphrefly/graphrefly	main	ok	171	f121c721bf5c75dd053848969bf0d519c068133385f39aaa0ecfae1215de8745
dsshap/pi-packages	main	ok	78	539bcb6efef5b1aadc91040b812cbc84bd219318e361bc6f20c0b46845c16f47
Anandesh-Sharma/awesome-agent-harnesses	main	ok	3	60ba759329d6ea0d036c3a6e422dada9ab472df72759151cb52c623f751d0af2
bochen2029-pixel/keel	main	ok	86	31f8be97d33bc783b3dd3321fe690050cc9436f637ac0365f88b15d06f6e38e7
TorstenC/agent-harness-anatomy	main	ok	21	0b7529177fdb65858cd1a866cc36d3d2f74b61d1820c048297530555f11346d6
selfradiance/reapproval-gate	main	ok	27	2ad6cad554274ec86023a646aea58740e8cb1f0f26f97775bc2ed96c07585d69
AmazingPeach/agent-startup-map	main	ok	8	763f0bc3dea7db4d7ff8f800134c49937890ed2289fe8a45f6ba0e70eee2d826
graphrefly/graphrefly-py	main	ok	130	8b7abff4c3f0256f57b1d11c2aa3e1ecd0ea7168e53f997b753cacae3c2c3f98
MadKangYu/document-harness-meetup	main	ok	22	14e7f404543f6cfa337df974916da8f8fabc276b34af8a85d3a0ae3638a9423b
davidemiceli/puro-agent-harness	main	ok	135	ba407b79511360b264ad6667e9649639b242a190f897371b7d2de3d6f23016c7
motivated-groupthink347/boss-skill	main	ok	48	f72585990e05bea04c374e289b0a7d481bb25a65509e1e6213e2f128c9560d58
Daffiburrlike452/agent-harness-generator	main	ok	846	40ae582ecf190ea6fd9be9882b7f7f31bae89c9e830fef18cada2cd49d5e7fdc
lelik1813/claw-code-java	main	ok	416	6402db4b87adfc891539da4e7706b4bbb05ad767d041a280d0e9a380ef11a440
aaravriyer193/Agtx-code	main	ok	20	42227b7f40b402c2d1c2a7489e3f47a64cb82e49dcaba82e8c838bdb3298328a
ATaylorAerospace/Deterministic-Agent-Harness	main	ok	18	5f8dfa58a90f703aecd6a72d3c47d074e5929fdaefa7edfe1928268069d35a6f
DDS-Solutions/Autonomous-Agentic-Tadpole	main	ok	1122	f30f2e1f2b2cc3a4a1f14cb1c17acc5451564cca1436f8e6f38d7be26f532660
aray-17/code-capsules	main	ok	210	0431de2ce4127ba2e60269decb1d94cfa706f659a79b6a3293f3f86f4eab3f20
logiccrafterdz/SAHA	master	ok	89	1a802b460f63c7ac7d6b89f6495b1faf271f287012dc1e311ea2ca5d88547254
NeoCh3n/HiveForge	main	ok	57	592cabbcd082c6eafedcea69a5a0a954e478904dafc4e5fd56e0b4141053a00f
ProblemFactory/vibespace	master	ok	146	2af18f2eb3edb5c1cd97bd205a36615cb43645acc2a6605d93fdbf9bbe25708f
netsky-prod/harness-spectrum	main	ok	11	749607abe819f71fcea2d7a04462d3b9ed65c8cfc89de681f10fbc346b1f26d0
headcrabz/horizonX	master	ok	91	d5ecbd3b00f9b03e5596802482f620f6707d933e872e83c600d90a9beda00a98
rohaquinlop/michin	main	ok	126	836fc143a74e2b84acb3d438c776f09ede56ac1595f0aefffbf657e703aa1fc4
XXY-CH/Agnet	main	ok	282	d5b2101bbc7a9db824874cfdabe77374486f75ec8eefc56ebfa35a87ff91cc4b
benlongmao/Self-becoming-zh	main	ok	418	277171793c085234ac8ffbff9f03f211d1b1508e6f0a55823d1eb6e943d66d2a
az9713/localforge-agent-harness-study	main	ok	256	cf2f3a6d0e1023b3a4a019f1c712632148796b099f1d6f909d42ee5954d04075
loveliiivelaugh/memoryme	main	ok	133	388c934a8e06f3a2e133606f77ec83e54cdf46be518e114fb5b7ac8c6deb5b97
Ruafieldphase/trinity-agi	main	ok	1791	15cdd6e3afe9c7f5ca145ad98cde611b9ead8a13e84f2c92fd9b492209f8d041
qwc2869/product-to-tiktok-agent-ralphthon	main	ok	27	0e9e8f64228b6543c5df18889e50c60bd9d9de4506162af1cfa003081e245e27
cogimanus/my-harness	main	ok	28	2332a2ee5913f0109eb0d18406eff1c022933085550a939d663b33ce4e448796
jiangyinzuo/agentic-software-engineering	main	ok	19	11d321fc59d896b6724a6885a817caf33f2d50aa40637302c95f3624dad3e88c
yufengtianyufeng/agent-harness-workflow	main	ok	25	9f8870a41959fdb2ffb601c2a2daafbdc7a4e63fd5332eb6f2458fdd3c199e56
maisieyang/build-my-own-harness	main	ok	523	a8ceb9d4dc7218144d23c04068845980744cafaf319e9494ce9deae26c9126e0
dunkeln/murdock	mucho	ok	232	9ac390da344850dcf95ef5f32cfa128af57d1c0373dee2f530bdbdcb51b325d8
354685856-sn/claude-code-skills	main	ok	15	5bdc0e783f4d4d59501bef16102032cc04804487c23861dc72b84ad58075cd3f
meetsoma/website	main	ok	544	30a504953920182ee8302090d89cdbd7b0807f0ac2eccd95731c16cf27f26f56
zachxtr/portable-agent-harness	main	ok	80	c1ad65acf9ed66a768e54638dfd1235a3e864073d5cdf62e43bb7fde85087169
CheemsaDoge/tcs-cosheaf	main	ok	684	3c986cb0285380d5eb0e050bfceb7a3feb932b3383a51e1b5eac4e9228b08a37
Mrbaeksang/solopilot	main	ok	10	2926d8a97cc9b11194aafa6344d0990a4a2c28ae74c51d6d20e2d00ee6d2f227
thomas0124/ralph	main	ok	88	e682bd6349659499cd68a01a4e6846b64a77dad380ee600ebe1df50ebdee2e62
RubenHaisma/rl-studio	main	ok	45	b3499f829b1fe7c50f9cf82052320ec9b8b223a0841bb6d851acbaaefddbb2b8
penglei0501/agent-harness-lab	main	ok	215	73832c1f86ef1c761a1b0ef7069c40c327d27ecb3985c4798574bc895128c0f5
qazasd2518995/helmsman	main	ok	23	17587a9f43f97290563cbb912acaebc9a3a04959be0b3ed1ad1cdb843794dc2f
portpowered/you-agent-factory-docs	main	ok	308	1ee6e6d979b17bd8ca2181b3077d79e043bb4a613fff805ccf968678fa9d2b0c
yubi00/portfolio-assistant-langgraph	main	ok	66	88d4ff43d4eca6032fb594e5e8b08ef6bc6162adaf87d02c2132d44d9f94223e
selfradiance/agent-interrupt-receipt	main	ok	25	8bbdd710df54bf6b2a6c31302261384efd9a9317342154110084b43fbfe097c2
luckzy14-afk/agent-harness-orchestrator	main	ok	4	5661bb3b6927b97293575da3587f7ce48890afd8e47f7a646c5cccd7a1dad570
kolife01/evifarm	main	ok	46	65f3d3b3965cc93ed39b25d24efa6afd2621ee967c72492ba812d52c0efc22df
Mattyreed1/fractal-agent-team-starter	main	ok	72	29b4adda7fca09bb3251bc5b563bdf71519007281dbbdaf00e792a8462227899
greg-asher/oh-my-lawd	main	ok	37	4e3bfbe5a5e5eb6607df0a382839afc602844d324b561f6cdc47696992026226
Warzone-Team/autopilot-coordinator-flow	main	ok	4	df3d4f6d5f3c8a5158d1979159fe56fea1c10c30a8dee433938153d2747f7b0d
duck-lint/Semantic-Geometry-CLI-Harness	two	ok	115	06c493d6bfd23722ab7cee2ae7f1deae8a12046ba9bc189a96433df0f7eda2f4
VibeCodingNights/portable-harnesses	main	ok	51	1f0d1b1785132f72bef69c8006ba27d0643858be918c9e576acb4900e39842c2
angelnicolasc/forge	main	ok	241	412c52d945edf63fc0b5446625b71135419a1e0d56e2a71e57e81951d3b202b2
Norinatiring463/loop-engineering	main	ok	20	aeeafb89487f0740dc71b6c5aa0f90895d7c911788e0b4283fa34d8ee071fae4
ShenAC-SAC/AdaHarness	main	ok	54	7d69b47ad99d48faff0331243dd6c8a46c426e277a19b10b92f57681a5553116
dunkeln/signals	mucho	ok	76	ce6ad9f45c334b69605e412888bd69dab3186d96a8145ece225b0be48088fd54
smithg09/arcgentic	main	ok	295	0873f7d13f1d471abbb47c4cfe942cd4a0035e14ef8e1b6442c7704e2081ca1f
lumatic2/askewly-harness	master	ok	35	3eb0c396330533e9d6850a0da03cc58a7c98dbf78296228515fafeba471b96f7
nqtiendat/harness-agent-framework	main	ok	87	1c653277435a31db58cdf0e587d3c23d56491d6deec49f0f02c8c0fe1b4e69c5
0xenzyme/agent-harness	main	ok	150	d04608e5eb8817124db1408b5a0267b2c539627a9aadd18b20e9b35e4acb637c
354685856-sn/354685856-sn	main	ok	1	d0919d5bb7576d4b1a495856f1e561985d1063a8e22c74dfb90a5267c165331d
farhan0167/minimal-agent	main	ok	210	232661657e4b39b445441a7b0bec096e62b3362a06d51bed2da180753497301f
bigwaveml/bigwave	main	ok	752	99a363a87f94f2b0c01eda4121cb8d62533966cd3aeef22aeb05f647bde1c56b
zhangyi-nb1/localflow	main	ok	481	9845c77b0bff4efe1a85241cdc543868e99b6e3e84cc0b56e0965448a51f9ba3
assimovt/harness-from-scratch	main	ok	22	a976ee687c1c93276df9fd7903ea533ca1d44aeb8d8219f41a1334b1b11cfe5e
ziyilam3999/local-first-agent-harness	main	ok	62	ed595a888a45c0c09d109e51bb2987a7618809517e81cbc71aa6a896d640c30a
liuchao1637/longrun-agent-harness	main	ok	24	fd006853bb0b5a1b7424f0259ed2050525b9ebc1506eeaf41c625c8708fe9333
ink-charon/codepilot_lite	main	ok	41	ca87dc0b91d64348419e8828c4e2f2534bf256519a0a766316289f6802956db0
354685856-sn/claude-obsidian-learning	master	ok	7	3d5a41d4ad85cd65a78eb0944b314084c2f932e46dd6f54b2014d4272f3bb3b8
Ruafieldphase/shion-ai	main	ok	362	23dd7a665e87bec03909014142b475496db2b164b387894f27591782f45bfa42
hhamja/loopkit	main	ok	63	229d7400c5f992fa8c3aeaf5245c3803dd2f7eab4ca5a0ab2c72aa36572ff91e
mandarnilange/agentforge	main	ok	618	1aefd5508a9e8e87fc3fe92394ab8964a5722e76a165a80dbef6a672dd1088a0
barry166/tiny-claw	codex/session-plan-mode-cli	ok	134	32183f98621c8efa25393a2d193543068a2434fb2531e55868ed9ef8f43ddd5d
arsham/rivet	master	ok	2688	b46183f8e7f9928cd6d460b54ea6773217c71253fb0ef0d9c34516cddf913b92
