source	default_branch	size_kb	content_status	file_count	content_sha256	failure
Picrew/awesome-agent-harness	main	472	ok	53	e340e5d7ed50f7af48513efd4de4e0aba415feeddda94b801edfa62569c1d203	
manthanguptaa/water	main	665	ok	274	adfa92b2f4a045a24e807c31986a791e6099d36358489d55ad94e567d8493986	
shamspias/customizable-gpt-chatbot	main	3915	ok	138	52a37005dedc528ec6f5152a1340ee1922c0fbf73b4f205e4e92f2c87b582772	
ai-boost/awesome-harness-engineering	main	423	ok	12	38580278f15c51724e1cd81f97673d3471c7b9a3751cbe9fbce63b5f0722d05a	
LearnPrompt/cc-harness-skills	main	34	ok	43	5bd5008820658429d9d7e38b2424122f480c6c5d710f20c00819360140ee86e2	
mattolson/agent-sandbox	main	1925	ok	361	4e5b0ef0b7ef6edbf153edd5cdbfb9d146839daaed03afcef0962952a9f94fc3	
0xNyk/lacp	main	2974	ok	462	1e958094c2b0998c62d44cf19c2edb79f80a60f642d241c9001fee966c9d66a8	
enmanuelmag/agent-harness-kit	main	1346	ok	135	ec2301636215cc2c180e2d5a20fac2aa0655fe81e70d0eb5d5d3266ebb876d45	
AI-Builder-Club/skills	main	1364	ok	25	0c4c3c52ae1b17c6c3d6b806dac07394e1d43dfe9e9f41c8790640e2572eda54	
zhnt/loushang	main	4903	ok	1364	0d050d6411b8757cf9c8481afc650f856d5cd6f92c19fa172798bbe675563881	
exon-research/genomi	master	3698	ok	459	6b16d1820cdb340628aef674092d9a9a60cb6a909e4e2409f625edf87c875b47	
Magma1321/mythos-agent-pipe	main	119	ok	6	13a5d32281174d0c8dc7a8bb3023a4d617ab16587c0c5cfdef385d3dce6fd299	
inngest/utah	main	466	ok	81	4911f6c576c7a1010e04996cdffc780ce6010427e52eeb20490dcacabf30a190	
RightNow-AI/AutoMegaKernel	main	1418	ok	167	92f107669ac516523c2a7b148bf7348a90bc45bbd1d90a271cee10417803ee9e	
deepfates/cantrip	main	3693	ok	173	921f2403ad550859fbd34fb1acb135c5ad05c62fefb92c2154a79ce3383150d6	
SonicBotMan/SoloFlow	main	2762	ok	73	dfb53a87ecc23f16c14f1fafb89f0d7b97f3d1e521ae3d121e7706ba5b96a3f5	
RUCAIBox/awesome-agent-harness	main	4706	ok	5	db20d2bf7fdb97e8fd85eb28c17f7a20d0c7b4956fd3e693bdb81401c48fe456	
7-e1even/learn-agent	main	366	ok	84	e47b99180cfb888ff6589208a9c2a5fa27e3a34ff3ee0b15f7bb9d6e0a04d443	
shamspias/reins	main	471	ok	179	98bd2991f259e449d9eeba5b089b4c67f4f598b33f866f1bcd5a8a1e7609bddd	
vitaliikapliuk/modelharness	main	105	ok	193	cd30b7d48518886d415d671f525c462c47a428b4190158e3d93120a4946c56b3	
appsoftwareltd/vscode-agent-kanban	main	519	ok	79	2fdcde8c104f550240dff008716434b8c492a2eb9572a9627b7faa0b64058e35	
wulawulu/learn-claude-code-rs	main	1587	ok	344	4db7827dfac73a62aed4ddf3e7c682fdb94b3da537cb552570e9be3aeefd7964	
holny/Agent-Harness-Develop-Book	main	985	ok	2	0cbedd40199faa6c1b2b3c20a070a480c6736a9e4904cf50c4239183d59b2e29	
RyanAlberts/best-of-Agent-Harnesses	main	3873	ok	70	72a8e136c0b92fa8f3de26b0fa935ef0a6650a63c29870f7be9c7f4fc638b424	
Coral-Bricks-AI/reef	main	2600	ok	249	609dd3154c45b8279fa9e29b8286a7a5f0c3dad9be3d43c708c05c32864e264a	
ganimjeong/Harness-for-claude	main	24	ok	28	235bfcef08ba8cf0b94d20572ade66c1cd2ca0b9c6f93780f8bd5a14ada30db0	
strangeadvancedmarketing/Adam	master	736	ok	83	815839037fb7eded013d78a5631b3828dff961f9d76946466e6c9a20c9668be9	
MatthewZMD/agent-digivolve-harness-loop	main	202	ok	43	e61a67277f35cff2df3241bfb607907d10e3f33fdf42b1a93430e3056d259188	
InternScience/ResearchHarness	main	1200	ok	96	ce19c96cd748a787ef459f897a2142ed2c747ab3f7fc12f0935d4597ed96a4e8	
move-hoon/sober	main	425	ok	93	248c1a0b51276fd122741d955b0e1514c6228379265b6e116a313f3db49c585d	
410979729/proofrail-hermes	main	354	ok	47	b503fd677ac69cfd8bc1428da603bb2893a9f8de63700b0d9bf40ed31347c804	
edvinhallvaxhiu/langchain-task-steering	main	412	ok	47	87e15780b0d39ec02323b6c4ff99e82a33b6ffb79325d0bbe36f1f217ac7a9a9	
xiaonancs/hermes-agent-study	main	1819	ok	46	bb0fba4ca7feccc51d5c8bb998d97ad175b561a5384f0c5c63460bc37e23f61c	
sehoon787/my-codex	main	3579	ok	73	4562b877aed25c8067cb9cb9c8033d5f41c6a2a46bd2b890576c28df8e5bdcc4	
TRocket-Labs/vectorlint	main	1751	ok	250	b8fec4ca72e0adc813670c9577755c4be5df65ff2d0310d6863507327f8a0670	
MeherBhaskar/agent-rigor	main	2192	ok	48	ca07efb8b6bd5b943617719f298dd0ec2f37605507562b77733892a193b64b6f	
Rockielab/rockie-claude	main	1270	ok	497	3410747908886f46cbe8b147b1170e84f36757797e5589822a3cec93f264c830	
cosmtrek/jeju	master	3219	ok	327	593639d3959a58c3203ba0b2b4eeaeda7e5c9c1596bea09ad7838dd8d50e5da5	
kiaquila/unicorn-hub	main	248	ok	126	7b43c07903475db739c7907772285e68b8d3202f8f0bce4b34f7b642e8402567	
listener-He/java-harness-agent	claude-code	2031	ok	178	2c566f6b0bea4aadedc8d50aad160b29991b6655fb66f731508e81028bd43b7f	
Ranvier-Technologies/pixir	main	1335	ok	373	4838e8e37a4082a1ea08724cb2100a2f0f71db9f2f0f056849076fc6ed2d245b	
Dominien/hubspot-sales-agent	main	417	ok	90	07ea0058893063160c9b1c629ba7f4f291c681d1c1bd7b76fbf8d876e7eeda50	
sehoon787/my-claude	main	3172	ok	64	389b3517a35f79ba005a851eb6e99029d4611f82b7665dcc85144a748c529c8f	
core0-io/nio	main	4139	ok	313	f2726e5e8764b98faca342a3e7235997251d77a48895af0c113d382ecb3009dd	
schalkneethling/skills-autoresearch-flue	main	1093	ok	108	6f8e0963bf7386a45558912292eb068bac9c771910f1f8fedd7ed15733f7541d	
clark-labs-inc/clark-agent	main	171	ok	35	654f3f991a641596513eb8c9d8472fd1e6dd0f811e68d0f01ae71eb88673c6be	
BitmapAsset/mythos-harness	main	30	ok	12	76e5caa57e19d26a3ec66f6b6203c1804b76bbd785f0639509186b96c704cdc5	
BicaMindLabs/FuguNano	main	1695	ok	473	fc396427a3571f1574d6657a40bbd81f1eb7a78ddc8a1ba19c172cc9f0e06dc0	
chapzin/codex-harness-mcp	master	621	ok	87	27f2cfb47b3b513a7b6129df6c27aae8b266208a346005addb9c6edd93c09def	
microsoft/Build26-BRK243-claw-and-agent-harness-in-microsoft-foundry	main	2089	ok	175	dbb95c4dd793cba7ffd8cc0c1938716780233e813ce19fa1b93c8786710627c9	
zxpmail/ReqForge	main	2614	ok	1931	4c0524032e0c7eab23306239633d88de0576f074ee835e82aaee5e4d094931d5	
Agent-Pattern-Labs/iso	main	897	ok	709	172c6bec90e3e0cdbb55f38386958bb361fb60a717f692ecea01fbf14f9f1be8	
alvis-HaoH/gkd	main	282	ok	25	833beee5d70bebc7f598f2c393d3b2b43719190b4839f3a52448cfcf402d6cf2	
human-again/orbit	master	2038	ok	124	0caf87a4fd876dbead933f86f37b457cf01968defe464c8994f0329c822cad4e	
sky-valley/pi	main	640	ok	167	e30cf637db36a7c49409fb22f24c009bb31bd76071ce8fee7a2b951e1d3a1e98	
yfge/agent-harness-skills	main	147	ok	72	3c5d9042a1c84fe2441593dbdadb7576dde6004012f424b30cc591d625550ed2	
omarismailb/product-wiki	main	1642	ok	158	8d47914593424f03561f587eaef4ae5474af348308f66ce3dcc5f9fae715329e	
Peadarpol/ai-delivery-control	main	1962	ok	304	5cfae2dca1eed208d5bc3b45cc2c21402ebabb589c5b78d19468908b7985b05a	
Arthurescc/harness-creator	main	25	ok	10	ffd547ab532639db2dae804e68946e8e22a8b1b5d0c8f9aff3bc0e23da199afd	
huahuadeliaoliao/long-long-run	main	224	ok	25	4dd1d54037f59ef2ab0a4a2ae1eb10c05101f39ed238bd3f38f44bfe4a4c180e	
beydemirfurkan/opencode-gladio	main	764	ok	116	f7cca2ce19fc92cc5e2ae5cac2e1d2bac2bfe0e315faf75fda3a36e7bd5e3f4a	
410979729/proofrail-openclaw	main	389	ok	59	eae466a939e4ae3147b605143f05fca36a5a0eaa199eb5900dc8d61b0edcf7ee	
Nairon-AI/flux	main	2816	ok	294	c76842de6d494def66319f23bf23321fb6efcd78df7b9e37199a353fa1d200dd	
cobusgreyling/grok-build-arsenal	main	456	ok	71	5153c67eb4bfb9e74233022906f6beece68a16235ae7d406537222c75ad6b841	
23ag1/completely	main	1114	ok	143	0cf1458125ec8f72397b4ed1e8cf73440c05a21ff44e22c4c61166100a3df048	
xiaonancs/codex-source-analysis	main	726	ok	37	c5f4700e40031f77e86d8c85d2d222cf96e59ab7d30f12f9c798694e709d961d	
EpisodeYu/HarnessSmith	main	3180	ok	122	d44c1b26e94d5acafdbc665d5511ad8b7c8ea6630d86bcc976a4e2d18cd50d61	
Jonhvmp/leopold	main	2841	ok	196	963f551952cb2c312c4ca929e7a2096da57a89fedb0fe86190600569aae4df99	
framein-dev/framein	main	1689	ok	161	086bcf621fefc870a47f6b95c60391d33f0409a810396cf03466e232252b6155	
BeamusWayne/HarnessTemplates	main	208	ok	58	4c3006f4aebcf7a6d3938a8262aea3808a7c3d8b67c7aaea2ea0695010344246	
VibeCodingNights/agent-harnesses	main	57	ok	26	39f7ebefd1d0c32639ed4ff7d1ddbfdcb0ef4bad3ae328a64cde1829a75891e5	
sky54laozhu/building-an-agent-harness	master	1193	ok	117	10d59a59e914706261d843cb6f00410e1281fa3179b04f16e0340d7b15d6c7f2	
isagawa-co/isagawa-kernel	main	710	ok	73	8e5dff8e0049f376bb0805773809ab4d0c4a0246d4a174fa6d8f16d8b755686e	
Milind220/agent-sdk-rs	main	697	ok	29	8d297a353ec8da2361bd214d2fd41c5ec589ca606eec36883b3b2949e52698d9	
droidnoob/hew	main	2752	ok	316	ab745169407d1799e7023473283fc8c8aea21932dea8f543e398c457b698ab1c	
neurocis/a0_superordinates	main	671	ok	85	8c75a1bce95c91b13c9a27af5d528a78ce52317f8f54fd39bc3d19afc52af83d	
harshalmore31/phoenix-os	main	1657	ok	283	f166e759ab85c0251f5c8f15064a311e3f1b2db6c5da7b32e413c7c14c3c87fe	
EthanSK/agent-bridge	main	1813	ok	148	368a772c0e5e0953ef178fb2446347dcfbd14fb95512fb3f3c7422b9f7ce263c	
XXY-CH/Aetherion	main	3552	ok	410	8818e277d7a2381e087a80be3ba3ef9f1e4241b907095131ef8c7a86ae5016ca	
Parker617/whalefall	main	302	ok	91	5e6fbcec5359088d96e2d0ac3fe1c145961ac6cf2b7edea89eb267b45282a00c	
CaesiumY/harness-optimizer	main	38	ok	11	9043d7d93bb455a340b54f28ce44eaf82bcc8d9b455e720fb0b28488a836f1d5	
jeanlag1/vibeharness	main	99	ok	40	c365a485df296429ed29d4ecd328671df130d9a12eacd3b3960521fb93f892d0	
ar27111994/agent-harness	main	2027	ok	354	23e2dc6a51e0b45160014f261eb8b715c97617f6f1cb5e00e3f9e3ae598f0188	
gzhzk/nanodeer	main	1355	ok	189	d7ace6c4cd74d313cb51f4e9d4e7c8a41846a54337f6eaee215ab57c6adbfd68	
verkyyi/tokenman	main	4294	ok	36	6b24257e23dc08eac2ffa37c13ef949af6692cf8a940f059d8f954eacd79b12c	
bettyguo/harness-engineer-roadmap	main	2752	ok	115	d13078af217d1013e65e5e6e2827c09f71a3b37a2438cdadd1542b14c1364e69	
yu-iskw/sqlfluff-complexity	main	4532	ok	390	d812f715d77a0ce3060e540c3204bd8c58dfa30192d814bc7df3bf05824d4f84	
lyc-aon/successor-agent	master	1953	ok	285	44e7e7938f601fe34dad761b70a1d93fab3da45965d8c1121854990dd8e262b6	
GeorgeWingg/Neural-Computer	main	3043	ok	104	82054af7975039d653423863bb029418dd970b4256cb049ea2ca84f9cce4579d	
yenanjing/awesome-harness-engineering	main	321	ok	5	f9591b4f615cf8123524cab28960fe0bd4978cece4c1b72f335ee473132fbfa4	
PatterAI/skills	main	426	ok	15	9d5b197e96ecfa64774df1ff0732eaed1871280e2b273c715637caec09bbf4e0	
mindtheproduct/vennie	main	956	ok	203	01731bad4f7d08ba9af3afa1c2cf58c5bf0757b181ab3a0e9e53bc3fcce0dee4	
wujfeng712-ui/claude-code-harness-notes	main	194	ok	86	90c16b45d1fc1a1ccfed4a8c2e9b5d1a00485dfb4dbfd368daa2b799b1a9ab29	
hoiung/sst3-ai-harness	main	3003	ok	271	c45f5c4de97111da0b45613f4ae61023156bbdf23985b3b4a327632fccacbe03	
dineshdb/pie	main	1118	ok	117	3f2d0ac0ee94b7b409e40a6714687e4232df24b37680a843590e2dc7452baa9e	
zyziyun/claude-code-mini	main	115	ok	46	3f5020a55590ca65e162f21d8f8fb983e82d317059febfd7b8131af45c1e1477	
edwardZhang/sps-cli	main	3228	ok	443	e21a7fcc3a3f7799bd754cdd744fc4e112c477baf4fcb11f362bfaecbb5a19a6	
JoaoEquer/Oficina	main	55	ok	23	e27c97ed1ca5d1cb717e7a33b527dfc957c14c8105d6c28a3e5082005cce68eb	
BeamusWayne/trace-vault	main	354	ok	88	7dc0325135e44a83055ff140f89bb3174c6632f63167b5f843b14d248d4675a8	
ryanjames85/grom	main	894	ok	77	679adc09190ac74fda03f7336846755d8a9e3c8a99bf8246840cb3bb58ca3d48	
raeseoklee/codexus	main	3287	ok	382	a16b6a0376cfe63424beb74c30c44ed6c1757c2fce6a368eebd4b0e0cf12478e	
PatterAI/patter-mcp	main	689	ok	45	c38e9a05dc4fe41c4a7b1c782e44ecca1c4d037787e19c5e1089f4f9668ced52	
onblueroses/strata	main	3004	ok	275	bc9e1b53f5d750f62b4de0dca6eb28a8d878e46af1a53d6944052d846328d96e	
lordaeternus/agent-execution-harness	main	385	ok	217	bb702327ff3125f4d87b406d212ee78743f4394261811bd30dbdcc09cca1d5f0	
dahrkai/dahrk-node	main	288	ok	87	b9343bb9935217b31b6a7a590f1b6cbb51067c6d361a0679953d9146728b7931	
NeuroverseOS/Neuroverseos-governance	main	2890	ok	339	6577ce39a21584a5b93bc15c41e3768b676cf018ca51e840859a591debade895	
Thakurvaibhav/platform-agent-harness	main	331	ok	104	7cc17593965453135820ca5e92f0c779d499a6d6f3a1b9f03919429d985957d6	
migos1990/ai-eng-team-harness	main	117	ok	44	8edd1e59249299377af4734b9afca29a50bdcb892cf1b80a17380f2abf0e17e9	
MRGRD56/pi-omp-skills-autocomplete	master	35	ok	7	338fbc4a990330ebe973c4da9d8754a6379002c51ac8171bae8921399ae0140a	
youxufkhan/my-opencode-config	master	160	ok	47	ed295b1d66924d7044ef1113e9bbcb7bf05f62f0c3a703caa3e9a1b2ccf03b44	
leezythu/agent-harness-compare	main	91	ok	14	96904d23b7d6823ee38e1d6a43356c9100f40a90134ecc8fb4621782d7cf92e0	
herreravalenz6620/context-compression	main	606	ok	55	7d065755c88fc378f2ebaabb7cb6b297ec23b542847f4e7f476d681d23fcd29b	
qimen039-code/claim-boundary-harness	main	1256	ok	163	15a72c7240073499aae8b75b245c506612bfb13d17a6457585126817819611e4	
androidZzT/harness-engineering-practice	main	1256	ok	32	d52d7d541150216d2e532e9cefc227f63eaa0f2fc6d6189f969a32ef0722866b	
uzysjung/uzys-agent-harness	main	3176	ok	507	e376f22c4abf541e1f03f84fd8282005d55e001674c44f94eb3a5e5b89c952b1	
frankxai/agentic-business-os	main	99	ok	77	18ab8e70fe95fbe6d82e106e75920d297dcb3a0c1fe4a5b1a8c32c690f5de9b8	
hssh8917/cc-skills	main	805	ok	86	5fc3e8acea2d4d39b02175485819389a78138a3dc05e033010fcde38c6fc83ec	
shimo4228/agent-attribution-practice	main	821	ok	69	453d2d8ad84e5b341296916abc2ecc37d0e187f22b0c1e5d448342f3ef0e636a	
imagent-lab/learn-openai-responses-api	main	348	ok	162	ddfa90680d097f437292d838cc752576f30480e6ba8575b705ed03cc5b3ba30d	
HaaaappyDay/what-is-harness	main	120	ok	37	611fd0273b370b8ebe7da21539e934fbbc64db284ea6010d2ade9206ad068802	
gjkoplik/hiveplotlib-agent-harness	main	564	ok	41	76c98d8bf1b9e3dfaebd2634d635a2409742fd574125e13c51ceff3218c7864b	
LeHungViet/scroll	main	90	ok	33	641341ec3f3d4928ddb6a261df599243946fe82ae6c6dd57b89f2d8ec630cf3d	
hjnnjh/agent-learning	main	98	ok	36	716910c55694cdbd57ead7a5857732a60ae50f274f02fec14d6b630c2c3acaa4	
lian-tian-mo-zun/minimal-stable-python-agent	main	62	ok	18	e5050ebfb5009d3f9a278bc0bea30b44daf22a84d35e8de5dbf128a2a27aea3e	
gzb1128/skill-forge	main	307	ok	74	69df344b02e73b6337728e6f4017ca0aca8c8469f7fd8ab1ddf3bd0530ce9f6e	
benlongmao/Self-becoming	main	4348	ok	385	8a124fce02fc7cc430712843a201a364b33f455e7b171cb786f3e4338f867627	
luislozanogmia/fixingrok	main	23	ok	10	a3dee1647c922291039b1a33c8ce225d3bc7571c18488aa8d52981994b1c11ba	
elizabethfuentes12/resilient-agent-harness-sample-for-aws	main	4272	ok	42	915bd49d44883d7af4c1ef039b9dede62029e3ba621d482dd5352a696f00bc91	
NullNyx/just-harness	main	28	ok	43	b0c4acf2a4aa8ad19988165b2a6cc639d25bb8c28850ba4ad275d37f8ef26da2	
Catfish-75/claw-task-hub	main	535	ok	59	1e217d50d5c0e45cd57dfae340eb1e7e559a4af5b1c3cdc4a4d7fb94750d3a83	
uppifyagency/loop-kernel	main	83	ok	44	bf809db37fede35e3ad82cd458871f924f6d01584d097f5918cc6472ef9bb13d	
hiloopai/hiloop-interceptor	main	575	ok	73	d106ebf753697f232125cc614baa68b473285270780c8a8159e57319a6437df4	
jimmc414/opal-harness	main	291	ok	612	9020c4ce04b46a72dd32f183e4b9664d23294463196a48fe85809aa4bb84a694	
BeamusWayne/Alfred	main	2160	ok	275	d0fda592fe5758019a659b40890dd4c2e6525aaf1a9834257259fe1af30e8bd0	
samiralibabic/open-ended-agent	main	171	ok	32	a1993dfe4da233360bf37c5103f5fb0a2a5c8b1480eb5bc9ab7543c47bc29104	
wang2-lat/micro-harness	main	210	ok	41	12ef4329cc9683b3826065fe6d36291b5f7faa7e91a087dc410d1c10d8c0ed0e	
jd-solanki/krutrimbox	main	495	ok	164	97e9ba4220d1c67943992cb93a2a30dfb7952f16f9c923f43091265ce669e1aa	
shiftbloom-studio/myosotis	main	1762	ok	108	85d23a622fab908a77c5d45dadd07e86a0a464f4327a87bc4b7fbc025d775e6b	
RasputinKaiser/Self-Improvement-Plugin	main	538	ok	250	8d64d47cc27bd748582d5941e79f5d79ae5ff9899c9325812c2efcfa383b1a04	
xLabel/AutoPatch-J	master	1308	ok	201	f5ea9cc5118e02324ae2c2237d5ec17dd67fddb6648519ac99a82947cd877a75	
the-sid-dani/second-brain-os	main	1595	ok	260	fafcc4aa3a122498105868657308d95d220fdd5b0fe81a734051d4206a03c3c8	
anthony-maio/agent-harness-90m	main	22	ok	28	f417edf9e5863ba20114980c98d8fc0a7c83226b9b3922d326209eeb818584db	
mantaray0/crew	main	464	ok	68	e7502c251fdb7af8f29fab25d4693f244830dc1753632f72ed31d6fe40de88f2	
cpplain/lorah	main	173	ok	37	95b58a6c2798f8f88e6e784c71eeb0780a710ef56fbeb6603a95a1f2375e17dc	
Othunderlight/tammam-agent	main	309	ok	98	db0baa5a11759c6cdaa720b4e39503ba847403f9797da3754dcdc318b13b68a1	
baksohyeon/mogui-agent-harness	main	159	ok	98	63e945f1ed90c6bc362104826b2c4caf725c7b6550ba6c98d06bbf0c6092f6bd	
gloweaseco-leo/gloweaseco-leo	main	3	ok	1	1d5e69368966db9887e1b3d8ee8e63ba47e971e77de452960693708b231d521e	
maxkskhor/pokemon-harness	pokemon-harness	2682	ok	109	a288a8ceed406d3286eec73af507f15ae4c517ca533297b3cd137546d5359cc5	
contextosai/skills	main	49	ok	24	3d010366f6c8350910ede5d9ca56b4401bfcb9817eb33eb8063232b4f5034ac6	
kedarvartak/rote	main	587	ok	198	fba0a8df7f5d7e552837637624f5ab183a8a5377b0d907e9f958890807ea45dc	
bhanuvikas/minion-cli	main	1144	ok	217	a406d89f51a956f63c8f7f1db58f30055d4b7903c40415c7899432fde6a6d0ba	
playbasis/agent-os	main	416	ok	92	da6c56a20a51635c68239c0cbd64bfcb15f30e55f3ec1fa7aaf77c398ee4db30	
janani-h-kumar/em-ai-labs	master	812	ok	104	4db432f64fa806ca416a4d02fd683083850c46df49e3a9c530e955940a25c3c7	
0kim0bos/yam	main	363	ok	64	d1fac505700925961836fb2eb3b067dfbc4b088ebe7dbce3f075b7ecff2cfc81	
agi-friendly/domain-navigation-layer	main	315	ok	114	76c6a23402414747351b804f0f9fc9152b19755b63e088deef40e9d78e80ad00	
yuecao365/agent-codebase-analysis-skill	main	59	ok	14	4813f13a38fdd9c53eb6fd8799eb2b6f864e9d43dce4c9a3963cc4b99222c874	
alexsds/ade-workflow	main	83	ok	32	e0234c245ae58a7553f749562f885e80567e6229a879701ce876de0cab5894c6	
MarcusViniciusBarcelos/spec-agent	main	142	ok	86	31a579d3f2fb2942d74c4eefe319ad47698f20c648b788d1754c4c590e5b86b3	
pko89403/A-RAG	main	4096	ok	32	361f43374e20e7ee6ea414b425e1f966f6a070fcac96c09afd73149cbc3f9d08	
lastmindforever36/agent-grounded-infrastructure	main	79	ok	49	32ee5fbb5c26fe1df7f149f270bf660cf70cafc0f483ee49b6c8fb1df1626431	
nanawanzii/deli-autoresearch-skill-protocol	main	28	ok	13	0dcc98886c0f59d37abd1de7172a2dd3cb9871cd87a0795aac38cac4398cb64a	
kentunderage549/cc-harness-skills	main	486	ok	43	0730cbd45038a669485ca57736981128eefc7bfe6bb99cf8a0694ecccd119f94	
veithly/build-your-own-agent	main	103	ok	47	f60ddeceed7cf63165202d2dc775e8fbdd8f31345080641f1015264ca9ea7173	
brandoncarneiro/harness-lab	main	71	ok	45	987ec893ddbc9e027095add0ea533fda0b786655ed9eb0cf8c59d3d72f58e9bd	
saorsa-labs/fluers	main	844	ok	91	15225e1f628a4caf4c3ffbd0d7cf8bdb187aa79b239edb93a14633724fd96d43	
fastbeast2023-netizen/awesome-harness-engineering	main	492	ok	5	63008a745b493c4eea3cbe7eaff43e69419b1e7d293c45d30f8c1d94d2bbfb48	
hannsxpeter/mythify	main	1215	ok	166	44ee8cc12fe2098bf64b9ad8670017a7fe1ca37ce15616118aff4b5c418ddc35	
zhuzhiguang927-spec/investor-harness-oss	main	484	ok	132	0c79e0b7acac6daccc696d62afc715241bf4f45986878b792f107b48b90bb1c5	
Edge-Explorer/Kaggle-SAE	main	13	ok	6	e8bebd7c10ec7718738d2a7fe5c4140c144636eec3a7b9d0ab936e09e70315c0	
Siddhant-Goswami/Crucible	main	478	ok	230	b193b263fd7c72b1de11979bac3e3fca6b37c8076bc2fb87f75b2fac9cd637d1	
MonyetBatu/practice-theory-implementation	main	2666	ok	389	19a4dc8bd097024c344e0403dc4b6260559f98ba2b21b976b9376b28dc1cd5f8	
WhiteNoiseK/agent-harness-starter	main	229	ok	97	640508214a790c471a23d36c87db4b3c4515192aa4dade51eb0b2a8c8444fd70	
rapoii/vex	master	491	ok	234	6724bf3190a361344317daff6b09e1e22837a713a066fcacb5356b6cf2999759	
desty/isms-p-assist	main	1484	ok	47	8b74b0e64b955cb3a18c2c4b1fc10fcb47e1d697423871117bdac32c9f170ee1	
pavel-voronin/tgdyk	main	952	ok	12	4156670c4b6e74ab94739b0b31f1c5e3f01e183d943c8ef456ee6f26dd264dba	
zjukop/deepseek-harness	main	34	ok	41	bed5bcd76fd952588047aa4c6805be2b071b6a9df38684f16c6ca198313cd513	
sriv2804/agentflow	main	71	ok	41	ed2032fbe3242906b7ee0dd10590228a3155aaec4324bb335b5c7de0964f5b38	
IshiharaHaruki/awesome-loop-engineering	main	7	ok	3	59b39056c3f8d040196de02ab7d5049525cf86744d495cf8d0478f873eaa6ae8	
roverdude24/agentic-visual-grounding-rubric	main	58	ok	25	ac460e6be2cfe433e051753d1ea3616b45b3718ae05ff921a61d826a80125d02	
tahasiddiquii/ai-harness	main	47	ok	48	a24f6a81d16537744014777805e6b2c3b120b3f96c108a743bb6ad66c8f1dad2	
minzique/pi-team	main	114	ok	35	7b7f80fbfc5dfef4a894ab425a0e6fb201e6f8e8a38030ce9c1c0c56c2c949bb	
Luis247911/universal-ai-workspace-foundation	main	327	ok	193	ddcc7a30a1385237932b14f87a205d005d0a3f53d8bcf68923d04aef28e90fb0	
SyntagmaNull/ai-agent-reliability-harness	main	316	ok	72	a65e9456a61218aee5dce3a8b24125f60a465a131e79ad7bff376ad85d8984e8	
selfradiance/rollback-receipt	main	29	ok	23	b55532bdeb66317ad15b23a5c0e8c6b8e2c0f83304af40f05eb756b82b7c425c	
svenbecht/00Z	main	632	ok	153	2f0f9667cad8ff09c8308a915a86383c523175474ef49976ad5174547afdfff9	
noopolis/daimon	main	160	ok	47	8c762c8a7fce2f14addd213aba34af2ed56b6a79558aad9c4c58ae5df42b301b	
selfradiance/work-session-ledger	main	31	ok	26	6829f10a0c99e84783aae0c129203264cf6ea4a1fdb699a3abbe75dcdbd0e917	
aelaguiz/rally	main	3382	ok	240	6aee689b7bef05c2e003356c9e15f9c5d9d5aa64a108e41ea1b75407222f2033	
hhamja/loop-engineering-architecture	main	517	ok	86	cc61e8c046a43a7002b818a603114493620e5fe37ef160bdf9a397aa04b2cf88	
CarlSR9001/whetstone	master	229	ok	121	51f561994bd31226830e8e45df0ca4d3e10e385bcfa6a2d375f20286eb62adf5	
TristanBietsch/rex	master	1009	ok	231	55e38cd02e4d29a3a95db502ca08d68bb2b27ca0ab807e3f63d4c92e69472a68	
sun9huni/claude-codex-coordination	main	301	ok	99	0f7107afe373fb9442ae8cf609a3392ae2ee6c4712a9546eaa19d31f0c53aa38	
Botfather90/digiton-agent-fleet	main	25	ok	22	95ed50606268d35b59a9277adce222ef6a03081484d43fdba21980d600deda17	
HellenAngeli/claw-forge	main	720	ok	4	85983148b1027958c4f95c25c84b561f984a907b516dd4a0247cca2b4ba07e18	
Chris-Rebentisch/dualpass	main	455	ok	90	1c91ea4daa06e856f6c6e096a21ee781e4145a4f6b0b5ac1e561e4b6569b84b1	
kulapoo/opencode-agent-harness	main	444	ok	165	e0a8378e246a7d59d92f5254728aa151073e40f4937f989fe9cc3cc70e5e20bd	
OctavianTocan/openclaw-claude-max-agent-sdk-harness	main	121	ok	27	0e168d41a44450c812a0a785edc04a4530d6cd0a661b45f100dac98674628080	
mcfordblessings2-cloud/agent-orchestra-bootloader	main	5	ok	1	5ac8f9063bee38e558412031e3d337c291c40db121e9c19b4916f20195ade428	
PoLP0ot/hermes-claude-harness	main	32	ok	48	dbb92fe153707c9c60c097163ac0b1b02552f01142cc3a6d7b8762e5dd6540bb	
bowen31337/claw-forge-plugin	main	153	ok	70	f2a55819432a64af453be613f0970e32cb5eb928c42160aef52b5562b452cc3e	
s-hiraoku/codex-harnesses	main	237	ok	117	4109089f45de15b272d6208cd6c36ab9784f7de6184984f7d1bc56abec2810f0	
Arakiss/greco	main	360	ok	81	9e48285c5e05a264b2b39b720955d18e8eddf73065a81e3198a4c2950e56dd83	
WhiteNoiseK/multi-agent-harness-loop-starter	main	410	ok	123	f58df163f965577adde5cb630957e41b5c74091de0379160557297067ea2fb28	
ghbvf/bridle	main	2801	ok	27	c188ff208bbea1b5759042b658fbe2d51b6ea3e70583caeb60c40bea3a39f8e9	
bharat3645/The-Ideal-Harness	main	259	ok	125	dd15dafe0fd67951be140c30da822c66b7aa3c2c6cd70a38cd3ba072d3faba8c	
marius-patrik/agents-harness	main	1951	ok	48	ef9d9763f21de193e4343b9aec675bb9a3d79510d606c61b88a811f6ab744385	
WhiteNoiseK/claude-codex-harness-loop-starter	main	271	ok	112	4364431fae7af43280de9516bcdb18615e9f40dfdd0b74f6d15dfae40e7e01e8	
unified-methods-division/vigil	main	36	ok	27	53cb0032589af5f9e99cb81f4ece72f8b0463dab3cdaddcae83468a778b5c466	
GeniusTechnoMystic/agentic-swe-grounding-system	main	70	ok	161	3b03bfa25c4c3cf005bfde64d32bed497801fa2a588898ea3dad39cf9f656717	
KranzL/jje	main	891	ok	877	74c7b4cec71c6856e9d4a9a84b903bd52fe6456ef97e4053997f00e0867bdb17	
hanlinlibham/able-harness-kit	main	26	ok	15	813368e5ace95e56074883f0bb0bde525a7b3994dc6294a69332d3ffc5c4700c	
m83iyer/upbringing	main	56	ok	29	a9c096601c87003e99f43c21ad621697b10c098c6fada51799613b5d39bc08da	
danielvogler/deep-agent-swe-harness	main	445	ok	27	0bdf6b27db7e4c8e55cf267d72eb6b40f2e070a17bde81ce29d8480c6c6586ec	
dangeranger/conductor	main	113	ok	82	300e93e333c9521484ea63d9d415bdb03213b06d68ab49d0435f4ff1199dc66b	
BraveCowNoFear/BraveCow-Harness-Codex	main	18	ok	21	c5d8e72205706fe12f1afd541ab48bdf34c780b9ba765d8ac0f05dc47e163cd5	
primorLee/harnesslab	main	210	ok	44	9214f6adf2c4c020e475b2194dd78fb41c84ee150b593ac47c998d9502ac9fc3	
sunrisefromdark/sunrisefromdark.github.io	main	1975	ok	14	a52d42ca6582f3d4a10ca1da417c623b3be712001f764a2adefbbb5849bccbb6	
estefanotuyama/radio-mcp	master	304	ok	69	a656e19f6e53b24606060e4e9df6625a21d191364688703fe064a7babd10fbec	
netsky-prod/meta-harness	main	22	ok	27	eb429be31dee8a01cb85d9312df77617cb2443f207f7424b95d563d04b917dd8	
blixxurd/context-agent-harnesses	main	235	ok	76	cc0dd9241843a77f4dfa3089fa6716b37061f05ff1b90fe6209dcad75f34b927	
selfradiance/contextgate	main	30	ok	21	c5edeed00d58db132704bcd7fcb1c68e42fa6772b5c1b2a9ea67919f393995c1	
SebastianBoehler/degov-agent-harness	master	55	ok	38	ee37efc7817d1923d9795e919952f6467cac42b4897c132e4d4923fc94e67a25	
to-real/awesome-agent-harness	master	53	ok	8	084b2384471837102d321a4e396b91b5a6de9440eac25921eccaeb1b137d95fa	
sujalmanpara/harness-engine	main	1104	ok	22	b585120de4e91d3249d41173b34a3582aa933db48321e00b86f94bcb290feb3d	
elvismusli/onlyharness	main	1606	ok	177	59e155a3c677dd5fa0d23b2ddaeb28a41f6e92f0afef231f4caae9a09a3ea34e	
codexceed/avatar-harness	main	1649	ok	256	0ef5b18e985707992415978e26f250b99480b4e3522e737afd81f7e899b223a0	
115th-discomfited211/Awesome-Harness-Engineering	main	475	ok	4	c47e056e4f7bde35fdd94f4c18e7bfddebeaa4ec458b2324c86d04efee2b02d4	
mike-diff/agent-harness-overview	main	95	ok	50	8b393ce56fa6f58eb0079c517461daf34fa56d0860c868fa1dae3b1a6a18299f	
SunChJ/learn-agent-harness	main	102	ok	34	682401b16ef08e2280accd050416607e0544512d5d8da2c5fbfe9b9942bc3efe	
OpenMind7/definitive-agent-harness-guide	main	54	ok	17	15d36a38e422b60b1c96f2af34e8eba05fbbd8dab35f8696048dd8dc5e359a5c	
Trusty-Squire/castellan	master	3117	ok	447	56109939b6b7951adf764b7c1dfa05b7b3e1e8e2829e2b604523cdab23982daf	
kakineko/idea-search	main	138	ok	81	ec1836af575bce951671e2e3eaf1a038b30a2e0b52a52933d194f903dfb18eff	
mike-diff/sesh	main	373	ok	112	2b6e792615544fa9a014c617c8f44193d8fb5763723c51ed3ff74d11aa816976	
allanpablo/forja	main	716	ok	652	d884ae57a259d94a8957a3b629ab3f9a0276d53501bbe2d6d937ec6dc8cae370	
jacksonanstee/agent-harness-JA	main	416	ok	123	63312e1608eacf5e1748f60c5cbfaf2cd6bfb02f258d77c011f4dfaa6842fddc	
dsshap/pi-packages	main	288	ok	78	5835926512bbdc7be1970f7b7030b4e5b87512b393f2693f5d4ccb3a0faa1f17	
jaredboynton/unifable	main	4159	ok	682	3bf8b13bab4fd65f6127b1b80fbd18b40256336c9a04621d720b5b9f58b8dac2	
TorstenC/agent-harness-anatomy	main	430	ok	21	9aa09da55d838205ea91e2de62043ea911f5933dd74337f64e423b5f7ba24753	
selfradiance/reapproval-gate	main	39	ok	27	bc516ec96dec308c33f68b1307974814015f50c51a84e9fd9a8a86903d33decd	
AmazingPeach/agent-startup-map	main	6	ok	8	4501c38ddb458a4323361c0ae1a552a72fb6e8382c0e740f07c37561f23900b4	
Anandesh-Sharma/awesome-agent-harnesses	main	17	ok	3	15b1363b07cba31ff39409080385db3e8645a17c0332564a9728348debea1d81	
graphrefly/graphrefly-py	main	3370	ok	130	35f5825e0c0e9990a1e7367f139d208eb0aebc637a2f5143e527ad9cea68c11b	
chalkagents/chalk-protocol	dev	3040	ok	167	92d25bbf7e6a24ba3957184a635bd8a614fd1396456a36435891a5bfa85dbdde	
bochen2029-pixel/keel	main	1103	ok	86	06766eaf55c4e522865d1e5360e852a7f72f88fe3b7705bdc0f342cd55d7ec9c	
MadKangYu/document-harness-meetup	main	104	ok	18	02d37269ed5dc95fc7c46f8e2210ba573b9fa16fdc78358d6baefcaa766cfea7	
davidemiceli/puro-agent-harness	main	3158	ok	135	81bec1fb39856fc3429efcf8511b37f335ee4fb2dcc108e87805558c38f78de1	
aaravriyer193/Agtx-code	main	20	ok	20	ba3ebfbcc0f56187b0fbd8b53a5b6cbc02ecb1ebb1930149ad3c82b69c1829ee	
ATaylorAerospace/Deterministic-Agent-Harness	main	132	ok	18	4c41f82a9e9a97eae2e4eb8c7b1d10583baa6a64287b147526a6d515cff5a110	
motivated-groupthink347/boss-skill	main	582	ok	48	ecaa772eef6e588cfe48287b1a4c1422f97e3041780e17931776043a1ad93117	
NeoCh3n/HiveForge	main	145	ok	54	7e573f22eac28ace2d4aa11586b420cc776a21ff0a40e9c440e1f1cf56236020	
logiccrafterdz/SAHA	master	141	ok	89	ebd72352609f6922ce5036a0469490acd1157ea04ff9c650179478b8482f0821	
XXY-CH/Agnet	main	873	ok	282	5f08dd8fbaf38ce4f8613ea17d8f4c6a815846bea7a210edd077faf5513f50db	
rohaquinlop/michin	main	961	ok	126	8d63f0841fdfbc0f8f390663fd5941c2a4923afa49c4fc09cde02d56fdc1b340	
lelik1813/claw-code-java	main	4764	ok	416	f31630b57ba2d1df98e6378bcb9f2a4e431cb8a2f51c36d73db97214cc920dc9	
headcrabz/horizonX	master	175	ok	91	68eae7c55a4be0f5adaa1c7ee5714d72ab820ed958ea6dd669851e5f42fa34dd	
qwc2869/product-to-tiktok-agent-ralphthon	main	13	ok	27	a7823fc409ff590c97ba2e59f357b820974ff62ff9be68364bae43e44a56f330	
netsky-prod/harness-spectrum	main	10	ok	11	9a0b03d6bd56cb0f79f02862dd20c54bed70e66e659fa6d1bfa6a39f752a8a1e	
jiangyinzuo/agentic-software-engineering	main	28	ok	19	12e80d4ca36083f3afd77f731bc22c4e7b02c642a08fc440d5658cbe5a9792ad	
cogimanus/my-harness	main	11	ok	28	2a348d1fbc1e9fc7743db5b8f6ea659ff4571a23bb0d42b683d4d7db8449def4	
portpowered/you-agent-factory-docs	main	1178	ok	308	9c66d05ff4f80a44ecb7aa950dfdedec3bb4a5cd47851d7987f9bc95d1700ac0	
yufengtianyufeng/agent-harness-workflow	main	18	ok	25	a12ef98dc2c057c5fc0450fe8c5af18b2b4b5c4972919b1c09e3dc88aa80c189	
354685856-sn/claude-code-skills	main	16	ok	15	1017b1119936fc3b1dfe5f49a826a7d64fdc2d2c3f17256ddcd2e88620968e52	
benlongmao/Self-becoming-zh	main	3987	ok	418	217f08b424ff98d718e199b8c630046bdc31159fc092f9d355c2e52e3ea43e93	
dunkeln/murdock	mucho	1441	ok	232	dc5bb192258b57493060ba4ba7303b1e0931b669381f0c6af827201d1499736b	
thomas0124/ralph	main	78	ok	88	4a6a7741204e3aa2658ecd1ac3a4ae2241a87a1400db9dddc078bc4f897dc311	
CheemsaDoge/tcs-cosheaf	main	3110	ok	684	8a5105c269de61f111d2869eca0239ee8dd4cc8a0318921f351756f11a61c67c	
az9713/localforge-agent-harness-study	main	3179	ok	256	7ffae9523edad1c3f50da13631d4ba94ca1f38fade43e313fceab4d2f6aec107	
luckzy14-afk/agent-harness-orchestrator	main	600	ok	4	e6b705c4c52784f7fc3aad4c6a5d167e05156d8973069809ca18040a52981433	
loveliiivelaugh/memoryme	main	3635	ok	133	aa55be9de4945ca2c6572158103ed7741916bb891353f9eafd84cbf556622a27	
RubenHaisma/rl-studio	main	338	ok	45	c57b74d3f2e64256c15a5c3e4b3ef0083d7d1ac3272e93f9b190d0c3004fffd0	
penglei0501/agent-harness-lab	main	1315	ok	215	4ee9371f03d71b67728f91d0a4a2ea55823a74924afa8befafb9a6d16ff36e77	
qazasd2518995/helmsman	main	28	ok	23	26afe3d8c53fe5d2be6b49fb568bd2ce5f868f8ea237a96d6ace7aa24c279c50	
maisieyang/build-my-own-harness	main	2932	ok	523	49717804ba2d5f06fe35ed8c892457aa71101e008d8dca98c8e529a46d899bd8	
yubi00/portfolio-assistant-langgraph	main	1169	ok	66	20785aa96eca42a3020004f4d2e712d536f2015cc1f06e9c7f5e4e15b4ba9592	
Mrbaeksang/solopilot	main	17	ok	10	ebebad3b85560f199c4b617d584899d123d82eb740ff31af641ff0c3338fd4c0	
kolife01/evifarm	main	230	ok	46	d238ac126b363ea49d25c114692fa1288bd4cc93f805947191ddbc1c03701384	
selfradiance/agent-interrupt-receipt	main	28	ok	25	aad927229d62d486495278beba2a1bab21ad7d0398793201bc20ce9be278caa4	
Warzone-Team/autopilot-coordinator-flow	main	818	ok	4	649fbf0c5607de1b31627b8266292b77ce308592dcc9c2c7cc530c443a6d7afa	
Mattyreed1/fractal-agent-team-starter	main	320	ok	72	3329d58c1a49dd3d1be9a922870931d11203cb6d851045d840dbf569d2907ccb	
greg-asher/oh-my-lawd	main	99	ok	37	c7d9bf140de063a1e13ae6659fb7593f48cb44d013f4f166b2b277e1291bcf78	
duck-lint/Semantic-Geometry-CLI-Harness	two	723	ok	115	eb4a7d1aef0109c484f45483de1fa4de45d06a5af1553ec4f90572be6c769f38	
ShenAC-SAC/AdaHarness	main	515	ok	54	0363ec8549f6683c6af4a0902a17d1ceff6f7ad61ae0962a51c533ac9a4f0979	
angelnicolasc/forge	main	1067	ok	241	079e39c17b2368f6e1ed3f35539ea20c160385df668254b8bfe9342b0aae3978	
VibeCodingNights/portable-harnesses	main	120	ok	51	c50a5256a16a6ff1801883ef36bdcb44b3d4d891f5ba8dcc86613e3b51c2b1e8	
Norinatiring463/loop-engineering	main	619	ok	20	b916c425240e717b6c11e5dd5597a938d89e1996d38fa8817bf492a32ea671c6	
dunkeln/signals	mucho	444	ok	76	0ed017d0be1a717eeec7740b6d2b24db766e525c8ff3195a58245a35ec0b42fe	
lumatic2/askewly-harness	master	93	ok	35	644d745a8ba7aa279a680d90c2d8eccc8060576bad538d69ac6dabc1d8d49316	
354685856-sn/354685856-sn	main	2	ok	1	f7435fe4dbfbbf8e071dde40626da7f718c05bee2ab5e889dbb26bb79ba3af5b	
assimovt/harness-from-scratch	main	15	ok	22	e53dc3ffd753713befd9b2338dea5225848633525a27cacece704cad32672238	
nqtiendat/harness-agent-framework	main	63	ok	87	dba952f8d5648eefab7c230d2aec45cd24a4beb4839a5d0c2afb09d485212d19	
ink-charon/codepilot_lite	main	51	ok	41	ca7bb0b5ba54f90b0a247849d3b028f9bb23dff5c1828d0a705e1ea699af8abd	
farhan0167/minimal-agent	main	722	ok	210	82a503427d969195d52c69da0d058a78766dea582e2dd69a24b51c58af284428	
ziyilam3999/local-first-agent-harness	main	199	ok	62	d99108b60787a8e07adc1871110550aeb5f63e8ac8e4eb4149d6fa28d99334d0	
liuchao1637/longrun-agent-harness	main	11	ok	24	9e4209a76deab50422f7d26f99faa6a7a28893c1dc71a98fbed5afcdabe76066	
354685856-sn/claude-obsidian-learning	master	17	ok	7	5a26dbde934f2912b28f3a4e6ea660c2c793356855d815a16dea42dcf516a426	
mandarnilange/agentforge	main	1215	ok	618	76ed2d85a7d7e29291af793860b2903ff6eb8619450a8b06a0d98153430e91ac	
hhamja/loopkit	main	82	ok	63	31ee4f043572fc6e6be16fffe70b7f73cc08c5c0b1c75f6c9a08970e03affcc8	
barry166/tiny-claw	codex/session-plan-mode-cli	466	ok	134	ad19fc20ae719850fadd1db5296a476f2583b193c03d939dfd3291f44831e414	
bigwaveml/bigwave	main	1468	ok	752	966bf6c318d3af9cb98017054bcf72b26d899bd1155bbf779ef6ab7a0f7e91cf	
Ruafieldphase/shion-ai	main	1382	ok	362	1f11e0f0c18eac5c33c0e22816c542918603d65ea67990134fc0921cbf27c444	
